Date,Direction,Coin,Futures,Transaction amount,Average Price,Trading volume,Realized P/L,NetProfits,Fee
2025-12-18 02:06:19,Close long,USDT,ADAUSDT,66,0.3636,23.9976,-0.1848,-0.19919856,-0.01439856
2025-12-17 20:20:54,Open long,USDT,ADAUSDT,66,0.3664,24.1824,0,0,-0.00483648
2025-12-17 20:02:21,Close long,USDT,ADAUSDT,46,0.3652,16.7992,-0.1242,-0.13427952,-0.01007952
2025-12-17 20:02:21,Close long,USDT,ADAUSDT,5,0.3652,1.826,-0.0135,-0.0145956,-0.0010956
2025-12-17 20:02:21,Close long,USDT,ADAUSDT,4,0.3652,1.4608,-0.0108,-0.01167648,-0.00087648
2025-12-17 20:02:21,Close long,USDT,ADAUSDT,5,0.3652,1.826,-0.0135,-0.0145956,-0.0010956
2025-12-17 19:07:46,Close long,USDT,SOLUSDT,0.2,123.651,24.7302,0.137,0.12216188,-0.01483812
2025-12-17 18:57:23,Open long,USDT,ADAUSDT,60,0.3679,22.074,0,0,-0.0044148
2025-12-17 18:04:41,Open long,USDT,SOLUSDT,0.2,122.966,24.5932,0,0,-0.00491864
2025-12-17 17:32:49,Close long,USDT,SOLUSDT,0.2,124.781,24.9562,-0.1824,-0.19737372,-0.01497372
2025-12-17 17:19:00,Open long,USDT,SOLUSDT,0.2,125.693,25.1386,0,0,-0.00502772
2025-12-17 16:52:11,Close long,USDT,SOLUSDT,0.2,126.812,25.3624,-0.1592,-0.17441744,-0.01521744
2025-12-17 16:50:35,Open long,USDT,SOLUSDT,0.2,127.608,25.5216,0,0,-0.00510432
2025-12-17 15:59:09,Close short,USDT,SOLUSDT,0.2,132.279,26.4558,-0.1878,-0.20367348,-0.01587348
2025-12-17 15:55:14,Open short,USDT,SOLUSDT,0.2,131.34,26.268,0,0,-0.0052536
2025-12-16 05:49:30,Close long,USDT,ADAUSDT,66,0.3773,24.9018,-0.2244,-0.23934108,-0.01494108
2025-12-15 19:46:23,Open long,USDT,ADAUSDT,66,0.3807,25.1262,0,0,-0.01507572
2025-12-15 19:31:45,Close long,USDT,ADAUSDT,67,0.3785,25.3595,-0.201,-0.2162157,-0.0152157
2025-12-15 17:58:29,Open long,USDT,ADAUSDT,67,0.3815,25.5605,0,0,-0.0153363
2025-12-15 17:43:25,Close long,USDT,ADAUSDT,68,0.3817,25.9556,-0.17,-0.18557336,-0.01557336
2025-12-15 17:39:16,Close long,USDT,SOLUSDT,0.2,125.682,25.1364,-0.153,-0.16808184,-0.01508184
2025-12-15 16:54:46,Open long,USDT,SOLUSDT,0.2,126.447,25.2894,0,0,-0.00505788
2025-12-15 16:24:43,Open long,USDT,ADAUSDT,68,0.3842,26.1256,0,0,-0.01567536
2025-12-15 16:22:09,Close long,USDT,SOLUSDT,0.2,127.332,25.4664,-0.1716,-0.18687984,-0.01527984
2025-12-15 16:18:27,Open long,USDT,SOLUSDT,0.2,128.19,25.638,0,0,-0.0051276
2025-12-15 16:03:46,Close long,USDT,SOLUSDT,0.2,128.978,25.7956,-0.1872,-0.20267736,-0.01547736
2025-12-15 15:57:01,Open long,USDT,SOLUSDT,0.2,129.914,25.9828,0,0,-0.00519656
2025-12-15 03:08:25,Close long,USDT,ADAUSDT,65,0.4045,26.2925,0.767,0.7512245,-0.0157755
2025-12-15 00:32:45,Open long,USDT,ADAUSDT,65,0.3927,25.5255,0,0,-0.0153153
2025-12-12 19:52:38,Close long,USDT,ADAUSDT,62,0.4124,25.5688,-0.186,-0.20134128,-0.01534128
2025-12-12 19:42:10,Open long,USDT,ADAUSDT,62,0.4154,25.7548,0,0,-0.00515096
2025-12-12 16:58:36,Close long,USDT,SOLUSDT,0.2,132.808,26.5616,-0.1614,-0.17733696,-0.01593696
2025-12-12 16:58:03,Open long,USDT,SOLUSDT,0.2,133.615,26.723,0,0,-0.0053446
2025-12-12 16:52:06,Close long,USDT,ADAUSDT,63,0.4122,25.9686,-0.189,-0.20458116,-0.01558116
2025-12-12 16:48:20,Open long,USDT,ADAUSDT,63,0.4152,26.1576,0,0,-0.00523152
2025-12-12 16:35:52,Close long,USDT,SOLUSDT,0.2,134.479,26.8958,-0.1788,-0.19493748,-0.01613748
2025-12-12 16:35:17,Close long,USDT,ADAUSDT,14,0.4143,5.8002,-0.0434,-0.04688012,-0.00348012
2025-12-12 16:35:17,Close long,USDT,ADAUSDT,4,0.4143,1.6572,-0.0124,-0.01339432,-0.00099432
2025-12-12 16:35:17,Close long,USDT,ADAUSDT,43,0.4143,17.8149,-0.1333,-0.14398894,-0.01068894
2025-12-12 16:35:17,Close long,USDT,ADAUSDT,3,0.4143,1.2429,-0.0093,-0.01004574,-0.00074574
2025-12-12 16:30:06,Open long,USDT,SOLUSDT,0.2,135.373,27.0746,0,0,-0.00541492
2025-12-12 16:26:38,Open long,USDT,ADAUSDT,64,0.4174,26.7136,0,0,-0.00534272
2025-12-12 01:59:46,Close long,USDT,ADAUSDT,65,0.4179,27.1635,-0.208,-0.2242981,-0.0162981
2025-12-11 21:41:41,Open long,USDT,ADAUSDT,65,0.4211,27.3715,0,0,-0.0054743
2025-12-11 16:30:48,Close long,USDT,ADAUSDT,65,0.4173,27.1245,-0.208,-0.2242747,-0.0162747
2025-12-11 16:25:18,Open long,USDT,ADAUSDT,65,0.4205,27.3325,0,0,-0.0054665
2025-12-11 12:59:18,Close long,USDT,ADAUSDT,66,0.4207,27.7662,-0.2112,-0.22785972,-0.01665972
2025-12-11 09:09:31,Open long,USDT,ADAUSDT,66,0.4239,27.9774,0,0,-0.00559548
2025-12-11 01:23:51,Close short,USDT,ADAUSDT,54,0.4513,24.3702,1.3392,1.32457788,-0.01462212
2025-12-10 21:16:02,Close short,USDT,SOLUSDT,0.2,142.027,28.4054,-0.1638,-0.18084324,-0.01704324
2025-12-10 21:14:41,Open short,USDT,SOLUSDT,0.2,141.208,28.2416,0,0,-0.00564832
2025-12-09 23:10:55,Close long,USDT,SOLUSDT,0.2,138.616,27.7232,0.3554,0.33876608,-0.01663392
2025-12-09 22:54:33,Open long,USDT,SOLUSDT,0.2,136.839,27.3678,0,0,-0.00547356
2025-12-09 21:19:49,Open short,USDT,ADAUSDT,54,0.4761,25.7094,0,0,-0.00514188
2025-12-09 18:38:49,Close short,USDT,ADAUSDT,46,0.4787,22.0202,-0.1564,-0.16961212,-0.01321212
2025-12-09 18:38:49,Close short,USDT,ADAUSDT,5,0.4787,2.3935,-0.017,-0.0184361,-0.0014361
2025-12-09 18:33:46,Open short,USDT,ADAUSDT,51,0.4753,24.2403,0,0,-0.01454418
2025-12-09 18:33:03,Close short,USDT,SOLUSDT,0.2,143.014,28.6028,-0.5692,-0.58636168,-0.01716168
2025-12-09 18:04:58,Close short,USDT,ADAUSDT,52,0.4781,24.8612,-0.1768,-0.19171672,-0.01491672
2025-12-09 17:47:00,Open short,USDT,ADAUSDT,52,0.4747,24.6844,0,0,-0.00493688
2025-12-09 17:34:44,Close short,USDT,ADAUSDT,58,0.4779,27.7182,-0.203,-0.21963092,-0.01663092
2025-12-09 17:22:30,Open short,USDT,SOLUSDT,0.2,140.168,28.0336,0,0,-0.00560672
2025-12-09 17:17:27,Open short,USDT,ADAUSDT,58,0.4744,27.5152,0,0,-0.01650912
2025-12-09 17:13:27,Close short,USDT,ADAUSDT,60,0.4751,28.506,-0.228,-0.2451036,-0.0171036
2025-12-09 17:11:07,Close short,USDT,SOLUSDT,0.2,140.159,28.0318,-0.1622,-0.17901908,-0.01681908
2025-12-09 17:01:34,Open short,USDT,SOLUSDT,0.2,139.348,27.8696,0,0,-0.00557392
2025-12-09 17:01:01,Open short,USDT,ADAUSDT,60,0.4713,28.278,0,0,-0.0169668
2025-12-09 16:46:59,Close short,USDT,SOLUSDT,0.2,137.118,27.4236,-0.17,-0.18645416,-0.01645416
2025-12-09 16:44:34,Open short,USDT,SOLUSDT,0.2,136.268,27.2536,0,0,-0.00545072
2025-12-09 16:02:08,Close short,USDT,ADAUSDT,63,0.4557,28.7091,-0.2583,-0.27552546,-0.01722546
2025-12-09 14:35:47,Open short,USDT,ADAUSDT,63,0.4516,28.4508,0,0,-0.00569016
2025-12-09 14:16:34,Close short,USDT,ADAUSDT,64,0.4534,29.0176,-0.2112,-0.22861056,-0.01741056
2025-12-09 14:15:26,Open short,USDT,ADAUSDT,64,0.4501,28.8064,0,0,-0.00576128
2025-12-09 14:04:38,Close short,USDT,ADAUSDT,62,0.4499,27.8938,-0.2108,-0.22753628,-0.01673628
2025-12-09 14:04:38,Close short,USDT,ADAUSDT,4,0.4499,1.7996,-0.0136,-0.01467976,-0.00107976
2025-12-09 13:23:03,Open short,USDT,ADAUSDT,66,0.4465,29.469,0,0,-0.0058938
2025-12-08 21:07:30,Close long,USDT,BTCUSDT,0.0001,90419.4,9.04194,0.03093,0.025504836,-0.005425164
2025-12-08 16:14:02,Open long,USDT,BTCUSDT,0.0001,90110.1,9.01101,0,0,-0.001802202
2025-12-07 23:34:10,Close long,USDT,BTCUSDT,0.0001,90002.8,9.00028,0.10259,0.097189832,-0.005400168
2025-12-07 23:07:17,Open long,USDT,BTCUSDT,0.0001,88976.9,8.89769,0,0,-0.001779538
2025-12-07 23:07:00,Close long,USDT,SOLUSDT,0.2,130.333,26.0666,-0.172,-0.18763996,-0.01563996
2025-12-07 23:05:38,Open long,USDT,SOLUSDT,0.2,131.193,26.2386,0,0,-0.00524772
2025-12-07 19:18:23,Close short,USDT,BTCUSDT,0.0001,91568.2,9.15682,-0.08807,-0.093564092,-0.005494092
2025-12-07 18:35:04,Close short,USDT,SOLUSDT,0.1,135.157,13.5157,-0.0838,-0.09190942,-0.00810942
2025-12-07 18:35:04,Close short,USDT,SOLUSDT,0.1,135.157,13.5157,-0.0838,-0.09190942,-0.00810942
2025-12-07 18:30:03,Open short,USDT,SOLUSDT,0.2,134.319,26.8638,0,0,-0.00537276
2025-12-07 18:28:40,Open short,USDT,BTCUSDT,0.0001,90687.5,9.06875,0,0,-0.00181375
2025-12-07 17:31:23,Close short,USDT,SOLUSDT,0.2,130.592,26.1184,0.2698,0.25412896,-0.01567104
2025-12-07 16:57:26,Open short,USDT,SOLUSDT,0.2,131.941,26.3882,0,0,-0.00527764
2025-12-07 16:09:52,Close long,USDT,BTCUSDT,0.0001,88940.1,8.89401,0.12373,0.118393594,-0.005336406
2025-12-07 15:33:36,Open long,USDT,BTCUSDT,0.0001,87702.8,8.77028,0,0,-0.001754056
2025-12-07 15:25:39,Close long,USDT,SOLUSDT,0.2,128.174,25.6348,-0.1596,-0.17498088,-0.01538088
2025-12-07 15:25:17,Close long,USDT,ADAUSDT,73,0.4066,29.6818,-0.2263,-0.24410908,-0.01780908
2025-12-07 15:24:53,Open long,USDT,SOLUSDT,0.2,128.972,25.7944,0,0,-0.00515888
2025-12-05 17:49:15,Open long,USDT,ADAUSDT,73,0.4097,29.9081,0,0,-0.01794486
2025-12-05 17:42:21,Close long,USDT,ADAUSDT,73,0.4091,29.8643,-0.2336,-0.25151858,-0.01791858
2025-12-05 17:40:51,Open long,USDT,ADAUSDT,73,0.4123,30.0979,0,0,-0.01805874
2025-12-05 17:07:45,Close long,USDT,BTCUSDT,0.0001,89463.9,8.94639,-0.09007,-0.095437834,-0.005367834
2025-12-05 16:56:40,Open long,USDT,BTCUSDT,0.0001,90364.6,9.03646,0,0,-0.001807292
2025-12-05 16:05:32,Close long,USDT,BTCUSDT,0.0001,91325,9.1325,0.1014,0.0959205,-0.0054795
2025-12-05 14:43:00,Open long,USDT,BTCUSDT,0.0001,90311,9.0311,0,0,-0.00180622
2025-12-05 06:24:21,Close short,USDT,ADAUSDT,63,0.4365,27.4995,1.1403,1.1238003,-0.0164997
2025-12-04 02:13:37,Open short,USDT,ADAUSDT,63,0.4546,28.6398,0,0,-0.01718388
2025-12-03 23:03:16,Close short,USDT,SOLUSDT,0.2,144.07,28.814,0.2446,0.2273116,-0.0172884
2025-12-03 22:58:05,Open short,USDT,SOLUSDT,0.2,145.293,29.0586,0,0,-0.00581172
2025-12-03 20:55:55,Close short,USDT,ADAUSDT,64,0.4451,28.4864,-0.1984,-0.21549184,-0.01709184
2025-12-03 15:38:49,Close long,USDT,SOLUSDT,0.2,141.24,28.248,0.4912,0.4742512,-0.0169488
2025-12-03 15:04:54,Open long,USDT,SOLUSDT,0.2,138.784,27.7568,0,0,-0.00555136
2025-12-03 10:23:20,Open short,USDT,ADAUSDT,64,0.442,28.288,0,0,-0.0056576
2025-12-03 09:38:25,Close short,USDT,ADAUSDT,65,0.4446,28.899,-0.208,-0.2253394,-0.0173394
2025-12-03 09:15:08,Open short,USDT,ADAUSDT,65,0.4414,28.691,0,0,-0.0057382
2025-12-03 08:34:10,Close short,USDT,ADAUSDT,53,0.4456,23.6168,-0.1643,-0.17847008,-0.01417008
2025-12-03 08:34:10,Close short,USDT,ADAUSDT,2,0.4456,0.8912,-0.0062,-0.00673472,-0.00053472
2025-12-03 08:34:10,Close short,USDT,ADAUSDT,10,0.4456,4.456,-0.031,-0.0336736,-0.0026736
2025-12-03 07:44:52,Open short,USDT,ADAUSDT,65,0.4425,28.7625,0,0,-0.0057525
2025-12-03 07:12:07,Close short,USDT,ADAUSDT,66,0.4445,29.337,-0.2046,-0.2222022,-0.0176022
2025-12-03 06:15:44,Open short,USDT,ADAUSDT,66,0.4414,29.1324,0,0,-0.00582648
2025-12-03 06:05:55,Close short,USDT,ADAUSDT,65,0.4428,28.782,-0.2015,-0.2187692,-0.0172692
2025-12-03 05:58:51,Close short,USDT,BTCUSDT,0.0001,93384.5,9.33845,-0.08434,-0.08994307,-0.00560307
2025-12-03 05:18:59,Open short,USDT,ADAUSDT,65,0.4397,28.5805,0,0,-0.0057161
2025-12-03 03:04:22,Open short,USDT,BTCUSDT,0.0001,92541.1,9.25411,0,0,-0.001850822
2025-12-03 01:32:11,Close short,USDT,BTCUSDT,0.0001,90977.2,9.09772,0.08144,0.075981368,-0.005458632
2025-12-02 23:04:31,Open short,USDT,BTCUSDT,0.0001,91791.6,9.17916,0,0,-0.001835832
2025-12-02 20:31:12,Close short,USDT,ADAUSDT,69,0.434,29.946,-0.2139,-0.2318676,-0.0179676
2025-12-02 18:41:19,Open short,USDT,ADAUSDT,69,0.4309,29.7321,0,0,-0.00594642
2025-12-02 18:28:13,Close short,USDT,ADAUSDT,70,0.4327,30.289,-0.224,-0.2421734,-0.0181734
2025-12-02 16:45:27,Open short,USDT,ADAUSDT,70,0.4295,30.065,0,0,-0.018039
2025-12-02 16:43:19,Close short,USDT,ADAUSDT,58,0.4283,24.8414,-0.1972,-0.21210484,-0.01490484
2025-12-02 16:43:19,Close short,USDT,ADAUSDT,8,0.4283,3.4264,-0.0272,-0.02925584,-0.00205584
2025-12-02 16:42:06,Close short,USDT,SOLUSDT,0.2,136.888,27.3776,-0.1692,-0.18562656,-0.01642656
2025-12-02 16:41:26,Open short,USDT,ADAUSDT,66,0.4249,28.0434,0,0,-0.00560868
2025-12-02 16:22:04,Open short,USDT,SOLUSDT,0.2,136.042,27.2084,0,0,-0.00544168
2025-12-02 16:15:06,Close short,USDT,SOLUSDT,0.2,135.85,27.17,-0.1658,-0.182102,-0.016302
2025-12-02 16:13:24,Open short,USDT,SOLUSDT,0.2,135.021,27.0042,0,0,-0.00540084
2025-12-02 16:01:37,Close short,USDT,BTCUSDT,0.0001,89481.1,8.94811,-0.08096,-0.086328866,-0.005368866
2025-12-02 15:31:45,Open short,USDT,BTCUSDT,0.0001,88671.5,8.86715,0,0,-0.00177343
2025-12-02 15:26:18,Close long,USDT,ADAUSDT,75,0.402,30.15,2.1825,2.16441,-0.01809
2025-12-01 17:39:25,Close long,USDT,BTCUSDT,0.0001,85292.2,8.52922,0.06402,0.058902468,-0.005117532
2025-12-01 16:55:01,Open long,USDT,BTCUSDT,0.0001,84652,8.4652,0,0,-0.00169304
2025-12-01 16:46:51,Open long,USDT,ADAUSDT,75,0.3729,27.9675,0,0,-0.0055935
2025-12-01 16:34:36,Close long,USDT,ADAUSDT,74,0.3708,27.4392,-0.2516,-0.26806352,-0.01646352
2025-12-01 13:49:20,Open long,USDT,ADAUSDT,74,0.3742,27.6908,0,0,-0.01661448
2025-12-01 13:46:30,Close long,USDT,BTCUSDT,0.0001,85308.6,8.53086,-0.07899,-0.084108516,-0.005118516
2025-12-01 12:59:29,Open long,USDT,BTCUSDT,0.0001,86098.5,8.60985,0,0,-0.00172197
2025-12-01 04:08:02,Close long,USDT,ADAUSDT,74,0.3877,28.6898,-0.2072,-0.22441388,-0.01721388
2025-12-01 02:03:49,Open long,USDT,ADAUSDT,74,0.3905,28.897,0,0,-0.0057794
2025-12-01 01:54:17,Close long,USDT,ADAUSDT,75,0.3902,29.265,-0.21,-0.227559,-0.017559
2025-12-01 01:47:27,Close long,USDT,SOLUSDT,0.2,128.294,25.6588,-0.1672,-0.18259528,-0.01539528
2025-12-01 01:38:54,Open long,USDT,ADAUSDT,75,0.393,29.475,0,0,-0.017685
2025-12-01 01:32:21,Open long,USDT,SOLUSDT,0.2,129.13,25.826,0,0,-0.0051652
2025-12-01 01:21:12,Close long,USDT,SOLUSDT,0.2,130.178,26.0356,-0.169,-0.18462136,-0.01562136
2025-12-01 01:19:06,Close long,USDT,ADAUSDT,70,0.3985,27.895,-0.21,-0.226737,-0.016737
2025-12-01 01:16:25,Open long,USDT,SOLUSDT,0.2,131.023,26.2046,0,0,-0.00524092
2025-12-01 01:10:35,Open long,USDT,ADAUSDT,70,0.4015,28.105,0,0,-0.016863
2025-12-01 01:06:03,Close long,USDT,SOLUSDT,0.2,132.464,26.4928,-0.1804,-0.19629568,-0.01589568
2025-12-01 00:57:03,Open long,USDT,SOLUSDT,0.2,133.366,26.6732,0,0,-0.00533464
2025-11-28 17:11:53,Close short,USDT,BTCUSDT,0.0001,91809.6,9.18096,0.07753,0.072021424,-0.005508576
2025-11-28 14:48:06,Open short,USDT,BTCUSDT,0.0001,92584.9,9.25849,0,0,-0.001851698
2025-11-27 03:43:51,Close short,USDT,BTCUSDT,0.0001,91689.9,9.16899,-0.082,-0.087501394,-0.005501394
2025-11-27 02:57:43,Open short,USDT,BTCUSDT,0.0001,90869.9,9.08699,0,0,-0.001817398
2025-11-27 02:05:01,Close short,USDT,BTCUSDT,0.0001,90772,9.0772,-0.08315,-0.08859632,-0.00544632
2025-11-26 21:14:31,Open short,USDT,BTCUSDT,0.0001,89940.5,8.99405,0,0,-0.00179881
2025-11-26 19:22:43,Close short,USDT,SOLUSDT,0.2,144.093,28.8186,-0.1796,-0.19689116,-0.01729116
2025-11-26 19:15:34,Open short,USDT,SOLUSDT,0.2,143.195,28.639,0,0,-0.0057278
2025-11-26 18:42:46,Close short,USDT,BTCUSDT,0.0001,89325.7,8.93257,-0.08102,-0.086379542,-0.005359542
2025-11-26 18:28:01,Open short,USDT,BTCUSDT,0.0001,88515.5,8.85155,0,0,-0.00177031
2025-11-25 02:48:43,Close short,USDT,BTCUSDT,0.0001,87739,8.7739,0.12489,0.11962566,-0.00526434
2025-11-24 22:05:06,Open short,USDT,BTCUSDT,0.0001,88987.9,8.89879,0,0,-0.001779758
2025-11-24 21:47:48,Close short,USDT,BTCUSDT,0.0001,88997.1,8.89971,-0.08078,-0.086119826,-0.005339826
2025-11-24 18:57:15,Open short,USDT,BTCUSDT,0.0001,88189.3,8.81893,0,0,-0.001763786
2025-11-24 18:34:16,Close short,USDT,SOLUSDT,0.2,136.829,27.3658,-0.176,-0.19241948,-0.01641948
2025-11-24 18:25:36,Open short,USDT,SOLUSDT,0.2,135.949,27.1898,0,0,-0.00543796
2025-11-24 16:06:32,Close long,USDT,BTCUSDT,0.0001,86587,8.6587,0.1282,0.12300478,-0.00519522
2025-11-24 15:50:12,Open long,USDT,BTCUSDT,0.0001,85305,8.5305,0,0,-0.0017061
2025-11-24 15:35:05,Close long,USDT,BTCUSDT,0.0001,86551.1,8.65511,0.07324,0.068046934,-0.005193066
2025-11-24 10:27:35,Open long,USDT,BTCUSDT,0.0001,85818.7,8.58187,0,0,-0.001716374
2025-11-23 08:27:41,Close short,USDT,BTCUSDT,0.0001,85381.8,8.53818,0.06864,0.063517092,-0.005122908
2025-11-23 02:53:32,Open short,USDT,BTCUSDT,0.0001,86068.2,8.60682,0,0,-0.001721364
2025-11-23 01:31:01,Close long,USDT,ADAUSDT,76,0.4031,30.6356,-0.2356,-0.25398136,-0.01838136
2025-11-23 00:34:51,Open long,USDT,ADAUSDT,76,0.4062,30.8712,0,0,-0.00617424
2025-11-23 00:16:18,Close long,USDT,ADAUSDT,77,0.4042,31.1234,-0.231,-0.24967404,-0.01867404
2025-11-23 00:00:40,Open long,USDT,ADAUSDT,77,0.4072,31.3544,0,0,-0.00627088
2025-11-22 09:19:12,Close long,USDT,ADAUSDT,60,0.4026,24.156,-0.186,-0.2004936,-0.0144936
2025-11-22 09:19:12,Close long,USDT,ADAUSDT,15,0.4026,6.039,-0.0465,-0.0501234,-0.0036234
2025-11-22 09:19:12,Close long,USDT,ADAUSDT,3,0.4026,1.2078,-0.0093,-0.01002468,-0.00072468
2025-11-22 07:35:47,Open long,USDT,ADAUSDT,78,0.4057,31.6446,0,0,-0.00632892
2025-11-22 06:15:03,Close long,USDT,ADAUSDT,79,0.4011,31.6869,-0.2449,-0.26391214,-0.01901214
2025-11-22 05:55:41,Open long,USDT,ADAUSDT,79,0.4042,31.9318,0,0,-0.00638636
2025-11-22 05:04:22,Close long,USDT,ADAUSDT,62,0.4035,25.017,-0.1984,-0.2134102,-0.0150102
2025-11-22 05:04:22,Close long,USDT,ADAUSDT,15,0.4035,6.0525,-0.048,-0.0516315,-0.0036315
2025-11-22 05:04:22,Close long,USDT,ADAUSDT,3,0.4035,1.2105,-0.0096,-0.0103263,-0.0007263
2025-11-22 04:00:45,Open long,USDT,ADAUSDT,80,0.4067,32.536,0,0,-0.0195216
2025-11-22 03:48:36,Close long,USDT,ADAUSDT,78,0.4047,31.5666,-0.2496,-0.26853996,-0.01893996
2025-11-22 03:38:51,Close short,USDT,BTCUSDT,0.0001,84282.1,8.42821,0.05973,0.054673074,-0.005056926
2025-11-22 01:24:15,Open long,USDT,ADAUSDT,78,0.4079,31.8162,0,0,-0.00636324
2025-11-21 23:51:04,Close long,USDT,ADAUSDT,82,0.4016,32.9312,-0.2542,-0.27395872,-0.01975872
2025-11-21 22:25:34,Open short,USDT,BTCUSDT,0.0001,84879.4,8.48794,0,0,-0.001697588
2025-11-21 21:40:09,Open long,USDT,ADAUSDT,82,0.4047,33.1854,0,0,-0.00663708
2025-11-21 21:24:13,Close short,USDT,BTCUSDT,0.0001,83611.4,8.36114,0.0947,0.089683316,-0.005016684
2025-11-21 21:20:13,Close long,USDT,ADAUSDT,79,0.4039,31.9081,-0.2449,-0.26404486,-0.01914486
2025-11-21 21:06:47,Open long,USDT,ADAUSDT,79,0.407,32.153,0,0,-0.0192918
2025-11-21 19:38:28,Open short,USDT,BTCUSDT,0.0001,84558.4,8.45584,0,0,-0.001691168
2025-11-21 19:17:26,Close long,USDT,ADAUSDT,80,0.4047,32.376,-0.248,-0.2674256,-0.0194256
2025-11-21 19:11:25,Open long,USDT,ADAUSDT,80,0.4078,32.624,0,0,-0.0195744
2025-11-21 19:08:36,Close short,USDT,BTCUSDT,0.0001,83770.6,8.37706,0.12027,0.115243764,-0.005026236
2025-11-21 18:55:10,Open short,USDT,BTCUSDT,0.0001,84973.3,8.49733,0,0,-0.001699466
2025-11-21 18:06:32,Close short,USDT,BTCUSDT,0.0001,85115.8,8.51158,-0.07844,-0.083546948,-0.005106948
2025-11-21 18:03:30,Close short,USDT,SOLUSDT,0.2,129.15,25.83,-0.161,-0.176498,-0.015498
2025-11-21 17:58:27,Close long,USDT,AAVEUSDT,0.1,157.31,15.731,0.41,0.4005614,-0.0094386
2025-11-21 17:58:22,Open short,USDT,SOLUSDT,0.2,128.345,25.669,0,0,-0.0051338
2025-11-21 17:52:39,Open short,USDT,BTCUSDT,0.0001,84331.4,8.43314,0,0,-0.001686628
2025-11-21 17:46:28,Close long,USDT,ADAUSDT,77,0.4016,30.9232,-0.2156,-0.23415392,-0.01855392
2025-11-21 17:38:06,Open long,USDT,ADAUSDT,77,0.4044,31.1388,0,0,-0.01868328
2025-11-21 17:22:14,Open long,USDT,AAVEUSDT,0.1,153.21,15.321,0,0,-0.0030642
2025-11-21 17:05:10,Close long,USDT,ADAUSDT,72,0.398,28.656,-0.2232,-0.2403936,-0.0171936
2025-11-21 16:03:05,Close short,USDT,SOLUSDT,0.3,127.871,38.3613,0.4338,0.41078322,-0.02301678
2025-11-21 15:47:46,Close short,USDT,BTCUSDT,0.0001,84229,8.4229,0.07312,0.06806626,-0.00505374
2025-11-21 15:42:05,Open short,USDT,SOLUSDT,0.3,129.317,38.7951,0,0,-0.00775902
2025-11-21 15:36:57,Open short,USDT,BTCUSDT,0.0001,84960.2,8.49602,0,0,-0.001699204
2025-11-21 15:16:11,Close short,USDT,SOLUSDT,0.3,126.33,37.899,0.4875,0.4647606,-0.0227394
2025-11-21 14:17:52,Open short,USDT,SOLUSDT,0.3,127.955,38.3865,0,0,-0.0076773
2025-11-21 13:45:06,Close long,USDT,BTCUSDT,0.0001,83146.4,8.31464,0.11474,0.109751216,-0.004988784
2025-11-21 13:38:14,Open long,USDT,ADAUSDT,72,0.4011,28.8792,0,0,-0.00577584
2025-11-21 13:37:08,Open long,USDT,BTCUSDT,0.0001,81999,8.1999,0,0,-0.00163998
2025-11-21 13:30:27,Close long,USDT,SOLUSDT,0.3,123.532,37.0596,0.4707,0.44846424,-0.02223576
2025-11-21 13:24:22,Open long,USDT,SOLUSDT,0.3,121.963,36.5889,0,0,-0.00731778
2025-11-21 12:38:23,Close long,USDT,ADAUSDT,80,0.4028,32.224,-0.256,-0.2753344,-0.0193344
2025-11-21 12:15:18,Open long,USDT,ADAUSDT,80,0.406,32.48,0,0,-0.006496
2025-11-21 12:00:32,Close long,USDT,ADAUSDT,81,0.4018,32.5458,-0.243,-0.26252748,-0.01952748
2025-11-21 11:31:47,Open long,USDT,ADAUSDT,81,0.4048,32.7888,0,0,-0.00655776
2025-11-21 11:16:05,Close long,USDT,ADAUSDT,82,0.4019,32.9558,-0.246,-0.26577348,-0.01977348
2025-11-21 11:10:15,Open long,USDT,ADAUSDT,82,0.4049,33.2018,0,0,-0.00664036
2025-11-21 10:52:27,Close long,USDT,ADAUSDT,83,0.4024,33.3992,-0.249,-0.26903952,-0.02003952
2025-11-21 10:48:03,Open long,USDT,ADAUSDT,83,0.4054,33.6482,0,0,-0.00672964
2025-11-21 10:40:13,Close long,USDT,ADAUSDT,82,0.404,33.128,-0.246,-0.2658768,-0.0198768
2025-11-21 10:28:58,Close long,USDT,BTCUSDT,0.0001,83036,8.3036,-0.07769,-0.08267216,-0.00498216
2025-11-21 09:06:10,Close long,USDT,SOLUSDT,0.3,128.473,38.5419,0.5109,0.48777486,-0.02312514
2025-11-21 09:03:16,Open long,USDT,BTCUSDT,0.0001,83812.9,8.38129,0,0,-0.001676258
2025-11-21 08:48:27,Open long,USDT,ADAUSDT,82,0.407,33.374,0,0,-0.0066748
2025-11-21 08:48:21,Open long,USDT,SOLUSDT,0.3,126.77,38.031,0,0,-0.0076062
2025-11-21 08:33:54,Close long,USDT,ADAUSDT,32,0.4062,12.9984,-0.0864,-0.09419904,-0.00779904
2025-11-21 08:33:54,Close long,USDT,ADAUSDT,49,0.4062,19.9038,-0.1323,-0.14424228,-0.01194228
2025-11-21 08:33:49,Close long,USDT,SOLUSDT,0.3,126.271,37.8813,-0.3021,-0.32482878,-0.02272878
2025-11-21 08:33:47,Open long,USDT,ADAUSDT,81,0.4089,33.1209,0,0,-0.01987254
2025-11-21 08:33:27,Open long,USDT,SOLUSDT,0.3,127.278,38.1834,0,0,-0.00763668
2025-11-21 08:33:26,Close long,USDT,BTCUSDT,0.0001,84178.5,8.41785,-0.09885,-0.10390071,-0.00505071
2025-11-21 08:20:59,Open long,USDT,BTCUSDT,0.0001,85167,8.5167,0,0,-0.00170334
2025-11-21 06:54:18,Close long,USDT,ADAUSDT,51,0.4227,21.5577,-0.1581,-0.17103462,-0.01293462
2025-11-21 06:54:18,Close long,USDT,ADAUSDT,15,0.4227,6.3405,-0.0465,-0.0503043,-0.0038043
2025-11-21 06:54:18,Close long,USDT,ADAUSDT,6,0.4227,2.5362,-0.0186,-0.02012172,-0.00152172
2025-11-21 06:54:18,Close long,USDT,ADAUSDT,9,0.4227,3.8043,-0.0279,-0.03018258,-0.00228258
2025-11-21 06:16:20,Open long,USDT,ADAUSDT,81,0.4258,34.4898,0,0,-0.00689796
2025-11-21 06:07:54,Close long,USDT,ADAUSDT,2,0.422,0.844,-0.008,-0.0085064,-0.0005064
2025-11-21 06:07:54,Close long,USDT,ADAUSDT,78,0.4221,32.9238,-0.3042,-0.32395428,-0.01975428
2025-11-21 05:47:20,Open long,USDT,ADAUSDT,80,0.426,34.08,0,0,-0.020448
2025-11-21 05:40:31,Close long,USDT,ADAUSDT,81,0.4237,34.3197,-0.243,-0.26359182,-0.02059182
2025-11-21 03:58:21,Open long,USDT,ADAUSDT,81,0.4267,34.5627,0,0,-0.02073762
2025-11-21 03:52:45,Close long,USDT,BTCUSDT,0.0001,85633.2,8.56332,-0.08248,-0.087617992,-0.005137992
2025-11-21 03:12:45,Open long,USDT,BTCUSDT,0.0001,86458,8.6458,0,0,-0.00172916
2025-11-21 00:36:26,Close long,USDT,BTCUSDT,0.0001,86925.7,8.69257,-0.08426,-0.089475542,-0.005215542
2025-11-21 00:21:05,Close long,USDT,ADAUSDT,82,0.4363,35.7766,-0.2542,-0.27566596,-0.02146596
2025-11-20 23:35:42,Open long,USDT,BTCUSDT,0.0001,87768.3,8.77683,0,0,-0.001755366
2025-11-20 22:25:59,Open long,USDT,ADAUSDT,25,0.4394,10.985,0,0,-0.002197
2025-11-20 22:25:57,Open long,USDT,ADAUSDT,57,0.4394,25.0458,0,0,-0.00500916
2025-11-20 18:38:14,Close long,USDT,SOLUSDT,0.3,132.805,39.8415,0.4764,0.4524951,-0.0239049
2025-11-20 18:11:50,Open long,USDT,SOLUSDT,0.3,131.217,39.3651,0,0,-0.00787302
2025-11-20 18:05:20,Close long,USDT,ADAUSDT,81,0.4369,35.3889,-0.2187,-0.23993334,-0.02123334
2025-11-20 18:00:22,Open long,USDT,ADAUSDT,81,0.4396,35.6076,0,0,-0.02136456
2025-11-20 17:58:23,Close long,USDT,ADAUSDT,82,0.4369,35.8258,-0.2624,-0.28389548,-0.02149548
2025-11-20 17:48:34,Open long,USDT,ADAUSDT,51,0.4401,22.4451,0,0,-0.00448902
2025-11-20 17:48:34,Open long,USDT,ADAUSDT,31,0.4401,13.6431,0,0,-0.00272862
2025-11-20 17:45:07,Close long,USDT,ADAUSDT,84,0.4384,36.8256,-0.2604,-0.28249536,-0.02209536
2025-11-20 17:42:02,Close long,USDT,SOLUSDT,0.3,132.071,39.6213,-0.2316,-0.25537278,-0.02377278
2025-11-20 17:35:24,Open long,USDT,ADAUSDT,84,0.4415,37.086,0,0,-0.0222516
2025-11-20 17:32:11,Open long,USDT,SOLUSDT,0.3,132.843,39.8529,0,0,-0.00797058
2025-11-20 17:17:18,Close long,USDT,ADAUSDT,86,0.4419,38.0034,-0.301,-0.32380204,-0.02280204
2025-11-20 17:14:20,Close long,USDT,AAVEUSDT,0.1,169.02,16.902,-0.2405,-0.2506412,-0.0101412
2025-11-20 17:12:33,Open long,USDT,ADAUSDT,86,0.4454,38.3044,0,0,-0.02298264
2025-11-20 17:11:20,Close long,USDT,BTCUSDT,0.0001,88760,8.876,-0.08338,-0.0887056,-0.0053256
2025-11-20 17:10:19,Close long,USDT,SOLUSDT,0.3,135.514,40.6542,-0.2697,-0.29409252,-0.02439252
2025-11-20 17:07:38,Open long,USDT,SOLUSDT,0.3,136.413,40.9239,0,0,-0.00818478
2025-11-20 17:07:33,Close long,USDT,AAVEUSDT,0.1,170.44,17.044,-0.0985,-0.1087264,-0.0102264
2025-11-20 17:07:13,Open long,USDT,AAVEUSDT,0.1,170.74,17.074,0,0,-0.0034148
2025-11-20 17:03:41,Open long,USDT,AAVEUSDT,0.1,172.11,17.211,0,0,-0.0034422
2025-11-20 17:03:39,Open long,USDT,BTCUSDT,0.0001,89593.8,8.95938,0,0,-0.001791876
2025-11-20 16:59:29,Close long,USDT,BTCUSDT,0.0001,89839,8.9839,-0.08425,-0.08964034,-0.00539034
2025-11-20 15:09:00,Open long,USDT,BTCUSDT,0.0001,90681.5,9.06815,0,0,-0.00181363
2025-11-20 10:21:38,Close short,USDT,BTCUSDT,0.0001,91885.1,9.18851,0.10685,0.101336894,-0.005513106
2025-11-20 06:04:54,Open short,USDT,BTCUSDT,0.0001,92953.6,9.29536,0,0,-0.001859072
2025-11-20 05:59:24,Close short,USDT,BTCUSDT,0.0001,92906.1,9.29061,-0.08548,-0.091054366,-0.005574366
2025-11-20 03:06:26,Close short,USDT,SOLUSDT,0.2,142.994,28.5988,-0.211,-0.22815928,-0.01715928
2025-11-20 03:05:22,Open short,USDT,SOLUSDT,0.2,141.939,28.3878,0,0,-0.00567756
2025-11-20 03:05:15,Close long,USDT,ADAUSDT,79,0.4685,37.0115,1.7222,1.6999931,-0.0222069
2025-11-20 02:06:11,Open short,USDT,BTCUSDT,0.0001,92051.3,9.20513,0,0,-0.001841026
2025-11-20 01:35:30,Close short,USDT,BTCUSDT,0.0001,92164.2,9.21642,-0.08368,-0.089209852,-0.005529852
2025-11-20 00:09:46,Open short,USDT,BTCUSDT,0.0001,91327.4,9.13274,0,0,-0.001826548
2025-11-19 23:01:20,Close short,USDT,SOLUSDT,0.3,134.739,40.4217,0.2583,0.23404698,-0.02425302
2025-11-19 22:22:28,Open short,USDT,SOLUSDT,0.3,135.6,40.68,0,0,-0.008136
2025-11-19 22:05:41,Close long,USDT,BTCUSDT,0.0001,89831.1,8.98311,0.05533,0.049940134,-0.005389866
2025-11-19 21:38:28,Open long,USDT,ADAUSDT,79,0.4467,35.2893,0,0,-0.00705786
2025-11-19 19:16:26,Close long,USDT,ADAUSDT,66,0.4435,29.271,-0.2244,-0.2419626,-0.0175626
2025-11-19 19:16:26,Close long,USDT,ADAUSDT,14,0.4435,6.209,-0.0476,-0.0513254,-0.0037254
2025-11-19 18:53:02,Open long,USDT,ADAUSDT,80,0.4469,35.752,0,0,-0.0071504
2025-11-19 18:34:35,Close long,USDT,ADAUSDT,16,0.4432,7.0912,-0.0528,-0.05705472,-0.00425472
2025-11-19 18:34:35,Close long,USDT,ADAUSDT,67,0.4432,29.6944,-0.2211,-0.23891664,-0.01781664
2025-11-19 18:33:23,Open long,USDT,BTCUSDT,0.0001,89277.8,8.92778,0,0,-0.001785556
2025-11-19 18:29:13,Open long,USDT,ADAUSDT,83,0.4465,37.0595,0,0,-0.0074119
2025-11-19 18:13:02,Close long,USDT,BTCUSDT,0.0001,89364.4,8.93644,-0.08229,-0.087651864,-0.005361864
2025-11-19 18:05:15,Close long,USDT,ADAUSDT,82,0.4454,36.5228,-0.287,-0.30891368,-0.02191368
2025-11-19 17:55:33,Open long,USDT,ADAUSDT,82,0.4489,36.8098,0,0,-0.00736196
2025-11-19 16:52:07,Open long,USDT,BTCUSDT,0.0001,90187.3,9.01873,0,0,-0.001803746
2025-11-19 16:50:38,Close long,USDT,AAVEUSDT,0.1,168.69,16.869,-0.036,-0.0461214,-0.0101214
2025-11-19 16:45:25,Open long,USDT,AAVEUSDT,0.1,169.05,16.905,0,0,-0.003381
2025-11-19 16:31:31,Close long,USDT,AAVEUSDT,0.1,170.11,17.011,-0.181,-0.1912066,-0.0102066
2025-11-19 16:23:04,Open long,USDT,AAVEUSDT,0.1,171.92,17.192,0,0,-0.0034384
2025-11-19 15:44:39,Close long,USDT,AAVEUSDT,0.1,173.43,17.343,0.208,0.1975942,-0.0104058
2025-11-19 15:25:01,Open long,USDT,AAVEUSDT,0.1,171.35,17.135,0,0,-0.003427
2025-11-19 13:50:58,Close long,USDT,BTCUSDT,0.0001,91629.4,9.16294,0.10003,0.094532236,-0.005497764
2025-11-19 07:16:19,Open long,USDT,BTCUSDT,0.0001,90629.1,9.06291,0,0,-0.001812582
2025-11-19 06:47:35,Close long,USDT,BTCUSDT,0.0001,90060.6,9.00606,-0.08404,-0.089443636,-0.005403636
2025-11-19 06:08:11,Open long,USDT,BTCUSDT,0.0001,90901,9.0901,0,0,-0.00181802
2025-11-18 22:34:14,Close short,USDT,BTCUSDT,0.0001,92582,9.2582,0.08969,0.08413508,-0.00555492
2025-11-18 17:50:56,Open short,USDT,BTCUSDT,0.0001,93478.9,9.34789,0,0,-0.001869578
2025-11-18 17:18:39,Close short,USDT,BTCUSDT,0.0001,93448.7,9.34487,-0.08479,-0.090396922,-0.005606922
2025-11-18 16:20:26,Close short,USDT,AAVEUSDT,0.1,175.85,17.585,-0.165,-0.175551,-0.010551
2025-11-18 16:20:23,Open short,USDT,BTCUSDT,0.0001,92600.8,9.26008,0,0,-0.001852016
2025-11-18 15:32:33,Open short,USDT,AAVEUSDT,0.1,174.2,17.42,0,0,-0.003484
2025-11-18 09:17:21,Close long,USDT,BTCUSDT,0.0001,90949.9,9.09499,0.09188,0.086423006,-0.005456994
2025-11-18 07:01:05,Close short,USDT,SOLUSDT,0.3,135.503,40.6509,0.1614,0.13700946,-0.02439054
2025-11-18 06:39:06,Open long,USDT,BTCUSDT,0.0001,90031.1,9.00311,0,0,-0.001800622
2025-11-18 05:58:56,Open short,USDT,SOLUSDT,0.3,136.041,40.8123,0,0,-0.00816246
2025-11-18 05:47:36,Close long,USDT,AAVEUSDT,0.1,167.06,16.706,-0.179,-0.1890236,-0.0100236
2025-11-18 05:45:58,Close long,USDT,BTCUSDT,0.0001,89783.6,8.97836,-0.08571,-0.091097016,-0.005387016
2025-11-18 05:09:07,Open long,USDT,AAVEUSDT,0.1,168.85,16.885,0,0,-0.003377
2025-11-18 04:42:08,Open long,USDT,BTCUSDT,0.0001,90640.7,9.06407,0,0,-0.001812814
2025-11-18 04:40:11,Close long,USDT,AAVEUSDT,0.1,170.48,17.048,0.245,0.2347712,-0.0102288
2025-11-18 04:19:53,Open long,USDT,AAVEUSDT,0.1,168.03,16.803,0,0,-0.0033606
2025-11-18 04:04:20,Close long,USDT,BTCUSDT,0.0001,90357.3,9.03573,-0.08306,-0.088481438,-0.005421438
2025-11-18 04:00:53,Close long,USDT,AAVEUSDT,0.1,167.07,16.707,-0.189,-0.1990242,-0.0100242
2025-11-18 03:37:23,Open long,USDT,AAVEUSDT,0.1,168.96,16.896,0,0,-0.0033792
2025-11-18 03:37:03,Open long,USDT,BTCUSDT,0.0001,91187.9,9.11879,0,0,-0.001823758
2025-11-18 03:17:44,Close long,USDT,BTCUSDT,0.0001,90824,9.0824,-0.08686,-0.09230944,-0.00544944
2025-11-18 03:16:56,Close long,USDT,AAVEUSDT,0.1,166.64,16.664,-0.178,-0.1879984,-0.0099984
2025-11-18 02:00:49,Open long,USDT,AAVEUSDT,0.1,168.42,16.842,0,0,-0.0033684
2025-11-18 01:32:22,Close long,USDT,AAVEUSDT,0.1,166.8,16.68,-0.17,-0.180008,-0.010008
2025-11-18 01:18:29,Close long,USDT,ADAUSDT,25,0.4622,11.555,-0.085,-0.091933,-0.006933
2025-11-18 01:18:29,Close long,USDT,ADAUSDT,45,0.4622,20.799,-0.153,-0.1654794,-0.0124794
2025-11-18 01:18:29,Close long,USDT,ADAUSDT,6,0.4622,2.7732,-0.0204,-0.02206392,-0.00166392
2025-11-18 00:53:58,Open long,USDT,ADAUSDT,76,0.4656,35.3856,0,0,-0.00707712
2025-11-17 23:19:03,Open long,USDT,AAVEUSDT,0.1,168.5,16.85,0,0,-0.00337
2025-11-17 22:37:11,Close long,USDT,AAVEUSDT,0.1,165.84,16.584,-0.171,-0.1809504,-0.0099504
2025-11-17 21:51:25,Open long,USDT,AAVEUSDT,0.1,167.55,16.755,0,0,-0.003351
2025-11-17 21:32:59,Close long,USDT,AAVEUSDT,0.1,165.77,16.577,-0.167,-0.1769462,-0.0099462
2025-11-17 21:26:34,Open long,USDT,AAVEUSDT,0.1,167.44,16.744,0,0,-0.0033488
2025-11-17 21:06:06,Open long,USDT,BTCUSDT,0.0001,91692.6,9.16926,0,0,-0.001833852
2025-11-17 20:45:24,Close long,USDT,ADAUSDT,80,0.4626,37.008,-0.272,-0.2942048,-0.0222048
2025-11-17 20:35:37,Open long,USDT,ADAUSDT,80,0.466,37.28,0,0,-0.007456
2025-11-17 20:32:33,Close long,USDT,AAVEUSDT,0.1,166.56,16.656,-0.172,-0.1819936,-0.0099936
2025-11-17 20:25:50,Close long,USDT,ADAUSDT,85,0.4629,39.3465,-0.2975,-0.3211079,-0.0236079
2025-11-17 20:25:35,Close long,USDT,BTCUSDT,0.0001,92113.4,9.21134,-0.08508,-0.090606804,-0.005526804
2025-11-17 19:32:03,Open long,USDT,ADAUSDT,85,0.4664,39.644,0,0,-0.0079288
2025-11-17 19:32:03,Open long,USDT,AAVEUSDT,0.1,168.28,16.828,0,0,-0.0033656
2025-11-17 19:22:48,Close long,USDT,ADAUSDT,86,0.466,40.076,-0.2924,-0.3164456,-0.0240456
2025-11-17 19:22:45,Close long,USDT,AAVEUSDT,0.1,168.64,16.864,-0.171,-0.1811184,-0.0101184
2025-11-17 19:07:36,Open long,USDT,BTCUSDT,0.0001,92964.2,9.29642,0,0,-0.001859284
2025-11-17 19:03:20,Open long,USDT,AAVEUSDT,0.1,170.35,17.035,0,0,-0.003407
2025-11-17 18:43:04,Close long,USDT,BTCUSDT,0.0001,92973.5,9.29735,-0.08833,-0.09390841,-0.00557841
2025-11-17 17:51:07,Close long,USDT,AAVEUSDT,0.1,175.36,17.536,0.254,0.2434784,-0.0105216
2025-11-17 17:15:50,Close long,USDT,SOLUSDT,0.3,133.867,40.1601,-0.3312,-0.35529606,-0.02409606
2025-11-17 17:15:06,Open long,USDT,SOLUSDT,0.3,134.971,40.4913,0,0,-0.00809826
2025-11-17 17:06:26,Open long,USDT,ADAUSDT,86,0.4694,40.3684,0,0,-0.00807368
2025-11-17 17:02:30,Open long,USDT,AAVEUSDT,0.1,172.82,17.282,0,0,-0.0034564
2025-11-17 16:19:29,Open long,USDT,BTCUSDT,0.0001,93856.8,9.38568,0,0,-0.001877136
2025-11-17 15:57:45,Close short,USDT,AAVEUSDT,0.1,176.74,17.674,0.289,0.2783956,-0.0106044
2025-11-17 15:46:19,Open short,USDT,AAVEUSDT,0.1,179.63,17.963,0,0,-0.0107778
2025-11-17 15:36:02,Close long,USDT,BTCUSDT,0.0001,95012.4,9.50124,0.10869,0.102989256,-0.005700744
2025-11-17 15:32:13,Close long,USDT,SOLUSDT,0.3,138.281,41.4843,0.2142,0.18930942,-0.02489058
2025-11-17 15:17:40,Close long,USDT,AAVEUSDT,0.1,175.18,17.518,0.246,0.2354892,-0.0105108
2025-11-17 14:53:41,Open long,USDT,SOLUSDT,0.3,137.567,41.2701,0,0,-0.00825402
2025-11-17 14:52:19,Open long,USDT,AAVEUSDT,0.1,172.72,17.272,0,0,-0.0034544
2025-11-17 14:42:17,Open long,USDT,BTCUSDT,0.0001,93925.5,9.39255,0,0,-0.00187851
2025-11-17 14:00:13,Close short,USDT,AAVEUSDT,0.1,181.36,18.136,-0.139,-0.1498816,-0.0108816
2025-11-17 12:34:36,Open short,USDT,AAVEUSDT,0.1,179.97,17.997,0,0,-0.0035994
2025-11-17 10:18:45,Close short,USDT,AAVEUSDT,0.1,179.67,17.967,-0.177,-0.1877802,-0.0107802
2025-11-17 08:35:01,Open short,USDT,AAVEUSDT,0.1,177.9,17.79,0,0,-0.003558
2025-11-17 08:16:46,Close long,USDT,ADAUSDT,80,0.4968,39.744,1.384,1.3601536,-0.0238464
2025-11-17 01:06:41,Close long,USDT,BTCUSDT,0.0001,94348.7,9.43487,0.10769,0.102029078,-0.005660922
2025-11-17 00:15:11,Open long,USDT,ADAUSDT,80,0.4795,38.36,0,0,-0.023016
2025-11-17 00:02:56,Close long,USDT,ADAUSDT,75,0.475,35.625,-0.2625,-0.283875,-0.021375
2025-11-17 00:02:56,Close long,USDT,AAVEUSDT,0.1,169.19,16.919,-0.181,-0.1911514,-0.0101514
2025-11-17 00:02:46,Open long,USDT,BTCUSDT,0.0001,93271.8,9.32718,0,0,-0.001865436
2025-11-16 23:53:21,Close long,USDT,BTCUSDT,0.0001,94334.9,9.43349,0.1252,0.119539906,-0.005660094
2025-11-16 23:47:48,Open long,USDT,ADAUSDT,75,0.4785,35.8875,0,0,-0.0071775
2025-11-16 23:44:54,Close long,USDT,ADAUSDT,81,0.4761,38.5641,-0.2754,-0.29853846,-0.02313846
2025-11-16 23:16:13,Open long,USDT,ADAUSDT,81,0.4795,38.8395,0,0,-0.0077679
2025-11-16 23:15:17,Open long,USDT,AAVEUSDT,0.1,171,17.1,0,0,-0.00342
2025-11-16 23:10:09,Close long,USDT,AAVEUSDT,0.1,169.59,16.959,-0.172,-0.1821754,-0.0101754
2025-11-16 23:08:47,Close long,USDT,ADAUSDT,79,0.476,37.604,-0.2765,-0.2990624,-0.0225624
2025-11-16 23:08:06,Open long,USDT,BTCUSDT,0.0001,93082.9,9.30829,0,0,-0.001861658
2025-11-16 22:15:29,Open long,USDT,ADAUSDT,79,0.4795,37.8805,0,0,-0.0075761
2025-11-16 22:07:30,Close long,USDT,ADAUSDT,85,0.4778,40.613,-0.2975,-0.3218678,-0.0243678
2025-11-16 22:07:30,Open long,USDT,AAVEUSDT,0.1,171.31,17.131,0,0,-0.0034262
2025-11-16 20:10:39,Close long,USDT,AAVEUSDT,0.1,173.78,17.378,0.224,0.2135732,-0.0104268
2025-11-16 19:39:56,Open long,USDT,AAVEUSDT,0.1,171.54,17.154,0,0,-0.0034308
2025-11-16 19:39:39,Open long,USDT,ADAUSDT,85,0.4813,40.9105,0,0,-0.0245463
2025-11-16 19:11:10,Close long,USDT,BTCUSDT,0.0001,95045.6,9.50456,0.06238,0.056677264,-0.005702736
2025-11-16 18:55:17,Close long,USDT,ADAUSDT,39,0.4764,18.5796,-0.1482,-0.15934776,-0.01114776
2025-11-16 18:55:17,Close long,USDT,ADAUSDT,45,0.4764,21.438,-0.171,-0.1838628,-0.0128628
2025-11-16 17:47:08,Open long,USDT,ADAUSDT,84,0.4802,40.3368,0,0,-0.02420208
2025-11-16 17:33:55,Close long,USDT,ADAUSDT,87,0.4797,41.7339,-0.3132,-0.33824034,-0.02504034
2025-11-16 17:01:08,Close long,USDT,AAVEUSDT,0.1,172.57,17.257,-0.1765,-0.1868542,-0.0103542
2025-11-16 16:58:31,Open long,USDT,ADAUSDT,87,0.4833,42.0471,0,0,-0.00840942
2025-11-16 16:57:15,Close long,USDT,AAVEUSDT,0.1,173.28,17.328,-0.1055,-0.1158968,-0.0103968
2025-11-16 16:57:14,Open long,USDT,BTCUSDT,0.0001,94421.8,9.44218,0,0,-0.001888436
2025-11-16 16:54:29,Open long,USDT,AAVEUSDT,0.1,173.64,17.364,0,0,-0.0034728
2025-11-16 16:51:11,Open long,USDT,AAVEUSDT,0.1,175.03,17.503,0,0,-0.0035006
2025-11-16 15:41:19,Close long,USDT,AAVEUSDT,0.1,177.55,17.755,0.068,0.057347,-0.010653
2025-11-16 12:30:04,Open long,USDT,AAVEUSDT,0.1,176.87,17.687,0,0,-0.0035374
2025-11-16 10:53:53,Close long,USDT,ADAUSDT,76,0.5087,38.6612,1.1932,1.17000328,-0.02319672
2025-11-15 01:08:45,Close long,USDT,BTCUSDT,0.0001,95199.9,9.51999,0.0548,0.049088006,-0.005711994
2025-11-15 00:46:04,Close long,USDT,SOLUSDT,0.3,139.507,41.8521,0.6111,0.58598874,-0.02511126
2025-11-15 00:06:02,Open long,USDT,SOLUSDT,0.3,137.47,41.241,0,0,-0.0082482
2025-11-15 00:05:59,Open long,USDT,ADAUSDT,76,0.493,37.468,0,0,-0.0224808
2025-11-15 00:04:42,Close long,USDT,AAVEUSDT,0.1,174.4,17.44,-0.19,-0.200464,-0.010464
2025-11-15 00:04:19,Open long,USDT,BTCUSDT,0.0001,94651.9,9.46519,0,0,-0.001893038
2025-11-14 21:50:18,Open long,USDT,AAVEUSDT,0.1,176.3,17.63,0,0,-0.003526
2025-11-14 21:40:16,Close long,USDT,BTCUSDT,0.0001,94460.7,9.44607,-0.09096,-0.096627642,-0.005667642
2025-11-14 21:40:04,Close long,USDT,AAVEUSDT,0.1,176.6,17.66,-0.043,-0.053596,-0.010596
2025-11-14 21:37:40,Open long,USDT,AAVEUSDT,0.1,177.03,17.703,0,0,-0.0035406
2025-11-14 21:29:15,Close long,USDT,ADAUSDT,51,0.5076,25.8876,-0.1836,-0.19913256,-0.01553256
2025-11-14 21:29:15,Close long,USDT,ADAUSDT,2,0.5076,1.0152,-0.0072,-0.00780912,-0.00060912
2025-11-14 21:29:15,Close long,USDT,ADAUSDT,25,0.5076,12.69,-0.09,-0.097614,-0.007614
2025-11-14 20:10:49,Open long,USDT,ADAUSDT,78,0.5112,39.8736,0,0,-0.00797472
2025-11-14 20:05:06,Close long,USDT,AAVEUSDT,0.1,176.49,17.649,-0.038,-0.0485894,-0.0105894
2025-11-14 20:00:40,Open long,USDT,AAVEUSDT,0.1,176.87,17.687,0,0,-0.0035374
2025-11-14 19:48:55,Close long,USDT,ADAUSDT,79,0.5077,40.1083,-0.2923,-0.31636498,-0.02406498
2025-11-14 19:42:12,Open long,USDT,BTCUSDT,0.0001,95370.3,9.53703,0,0,-0.001907406
2025-11-14 19:41:00,Close long,USDT,AAVEUSDT,0.1,176.84,17.684,-0.184,-0.1946104,-0.0106104
2025-11-14 19:11:31,Open long,USDT,AAVEUSDT,0.1,178.68,17.868,0,0,-0.0035736
2025-11-14 19:09:26,Open long,USDT,ADAUSDT,79,0.5114,40.4006,0,0,-0.00808012
2025-11-14 18:52:18,Close long,USDT,ADAUSDT,79,0.5071,40.0609,-0.3318,-0.35583654,-0.02403654
2025-11-14 16:48:00,Close long,USDT,BTCUSDT,0.0001,97159.9,9.71599,0.18648,0.180650406,-0.005829594
2025-11-14 16:22:57,Open long,USDT,ADAUSDT,79,0.5113,40.3927,0,0,-0.00807854
2025-11-14 16:12:58,Close long,USDT,ADAUSDT,63,0.5094,32.0922,-0.2394,-0.25865532,-0.01925532
2025-11-14 16:12:58,Close long,USDT,ADAUSDT,12,0.5094,6.1128,-0.0456,-0.04926768,-0.00366768
2025-11-14 16:12:58,Close long,USDT,ADAUSDT,1,0.5094,0.5094,-0.0038,-0.00410564,-0.00030564
2025-11-14 16:12:58,Close long,USDT,ADAUSDT,3,0.5094,1.5282,-0.0114,-0.01231692,-0.00091692
2025-11-14 16:12:51,Close short,USDT,SOLUSDT,0.3,140.664,42.1992,0.5973,0.57198048,-0.02531952
2025-11-14 15:51:14,Open long,USDT,ADAUSDT,79,0.5132,40.5428,0,0,-0.02432568
2025-11-14 15:48:25,Open short,USDT,SOLUSDT,0.3,142.655,42.7965,0,0,-0.0085593
2025-11-14 15:44:20,Close short,USDT,SOLUSDT,0.2,142.436,28.4872,-0.1784,-0.19549232,-0.01709232
2025-11-14 15:44:20,Close short,USDT,SOLUSDT,0.1,142.431,14.2431,-0.0887,-0.09724586,-0.00854586
2025-11-14 15:38:53,Open short,USDT,SOLUSDT,0.3,141.544,42.4632,0,0,-0.00849264
2025-11-14 15:30:57,Close long,USDT,ADAUSDT,81,0.5064,41.0184,-0.324,-0.34861104,-0.02461104
2025-11-14 15:24:46,Open long,USDT,ADAUSDT,81,0.5104,41.3424,0,0,-0.00826848
2025-11-14 14:21:10,Close long,USDT,ADAUSDT,11,0.5049,5.5539,-0.0429,-0.04623234,-0.00333234
2025-11-14 14:21:10,Close long,USDT,ADAUSDT,12,0.5049,6.0588,-0.0468,-0.05043528,-0.00363528
2025-11-14 14:21:10,Close long,USDT,ADAUSDT,16,0.5049,8.0784,-0.0624,-0.06724704,-0.00484704
2025-11-14 14:21:10,Close long,USDT,ADAUSDT,45,0.5049,22.7205,-0.1755,-0.1891323,-0.0136323
2025-11-14 13:50:49,Open long,USDT,BTCUSDT,0.0001,95295.1,9.52951,0,0,-0.001905902
2025-11-14 13:49:20,Open long,USDT,ADAUSDT,84,0.5088,42.7392,0,0,-0.00854784
2025-11-14 13:41:10,Close long,USDT,SOLUSDT,0.3,135.706,40.7118,-0.2814,-0.30582708,-0.02442708
2025-11-14 13:41:03,Close long,USDT,BTCUSDT,0.0001,94808.1,9.48081,-0.09124,-0.096928486,-0.005688486
2025-11-14 13:36:17,Open long,USDT,SOLUSDT,0.3,136.644,40.9932,0,0,-0.00819864
2025-11-14 13:20:19,Close long,USDT,AAVEUSDT,0.1,178.04,17.804,-0.178,-0.1886824,-0.0106824
2025-11-14 13:12:33,Open long,USDT,BTCUSDT,0.0001,95720.5,9.57205,0,0,-0.00191441
2025-11-14 13:11:53,Close long,USDT,ADAUSDT,35,0.5087,17.8045,-0.1365,-0.1471827,-0.0106827
2025-11-14 13:11:53,Close long,USDT,ADAUSDT,12,0.5087,6.1044,-0.0468,-0.05046264,-0.00366264
2025-11-14 13:11:53,Close long,USDT,ADAUSDT,1,0.5087,0.5087,-0.0039,-0.00420522,-0.00030522
2025-11-14 13:11:53,Close long,USDT,ADAUSDT,28,0.5087,14.2436,-0.1092,-0.11774616,-0.00854616
2025-11-14 13:11:53,Close long,USDT,ADAUSDT,10,0.5087,5.087,-0.039,-0.0420522,-0.0030522
2025-11-14 12:40:58,Open long,USDT,AAVEUSDT,0.1,179.82,17.982,0,0,-0.0107892
2025-11-14 12:17:38,Close long,USDT,BTCUSDT,0.0001,96594.4,9.65944,-0.09042,-0.096215664,-0.005795664
2025-11-14 08:02:15,Open long,USDT,BTCUSDT,0.0001,97498.6,9.74986,0,0,-0.001949972
2025-11-14 07:46:21,Close long,USDT,BTCUSDT,0.0001,96623.4,9.66234,-0.0932,-0.098997404,-0.005797404
2025-11-14 05:49:57,Open long,USDT,ADAUSDT,19,0.5126,9.7394,0,0,-0.00194788
2025-11-14 05:49:57,Open long,USDT,ADAUSDT,67,0.5126,34.3442,0,0,-0.00686884
2025-11-14 05:48:59,Open long,USDT,BTCUSDT,0.0001,97555.4,9.75554,0,0,-0.001951108
2025-11-14 05:38:29,Close long,USDT,SOLUSDT,0.3,139.93,41.979,-0.2958,-0.3209874,-0.0251874
2025-11-14 05:38:20,Open long,USDT,SOLUSDT,0.3,140.916,42.2748,0,0,-0.00845496
2025-11-14 05:34:56,Close long,USDT,BTCUSDT,0.0001,97836.5,9.78365,-0.09531,-0.10118019,-0.00587019
2025-11-14 05:32:05,Close long,USDT,ADAUSDT,84,0.5204,43.7136,-0.336,-0.36222816,-0.02622816
2025-11-13 23:11:57,Open long,USDT,ADAUSDT,84,0.5244,44.0496,0,0,-0.00880992
2025-11-13 21:41:33,Open long,USDT,BTCUSDT,0.0001,98789.6,9.87896,0,0,-0.001975792
2025-11-13 21:20:56,Close long,USDT,SOLUSDT,0.4,141.205,56.482,-0.3536,-0.3874892,-0.0338892
2025-11-13 20:55:50,Open long,USDT,SOLUSDT,0.4,142.089,56.8356,0,0,-0.01136712
2025-11-13 20:15:48,Close long,USDT,ADAUSDT,88,0.5215,45.892,-0.3432,-0.3707352,-0.0275352
2025-11-13 20:05:21,Open long,USDT,ADAUSDT,88,0.5254,46.2352,0,0,-0.00924704
2025-11-13 19:17:58,Close long,USDT,ADAUSDT,88,0.5246,46.1648,-0.3432,-0.37089888,-0.02769888
2025-11-13 19:17:55,Close long,USDT,SOLUSDT,0.4,146.04,58.416,-0.3624,-0.3974496,-0.0350496
2025-11-13 18:59:36,Close long,USDT,BTCUSDT,0.0001,99613.2,9.96132,-0.09159,-0.097566792,-0.005976792
2025-11-13 18:59:13,Open long,USDT,ADAUSDT,88,0.5285,46.508,0,0,-0.0093016
2025-11-13 18:59:12,Open long,USDT,SOLUSDT,0.4,146.946,58.7784,0,0,-0.01175568
2025-11-13 18:37:49,Close long,USDT,AAVEUSDT,0.1,201.13,20.113,-0.259,-0.2710678,-0.0120678
2025-11-13 18:32:52,Open long,USDT,AAVEUSDT,0.1,203.72,20.372,0,0,-0.0040744
2025-11-13 18:17:16,Close long,USDT,AAVEUSDT,0.1,203.29,20.329,-0.041,-0.0531974,-0.0121974
2025-11-13 18:16:04,Open long,USDT,AAVEUSDT,0.1,203.7,20.37,0,0,-0.004074
2025-11-13 18:05:16,Close long,USDT,AAVEUSDT,0.1,203.56,20.356,-0.055,-0.0672136,-0.0122136
2025-11-13 18:01:48,Open long,USDT,AAVEUSDT,0.1,204.11,20.411,0,0,-0.0040822
2025-11-13 17:55:50,Open long,USDT,BTCUSDT,0.0001,100529.1,10.05291,0,0,-0.002010582
2025-11-13 17:53:26,Close long,USDT,AAVEUSDT,0.1,204.97,20.497,-0.2,-0.2122982,-0.0122982
2025-11-13 17:18:32,Open long,USDT,AAVEUSDT,0.1,206.97,20.697,0,0,-0.0041394
2025-11-13 15:51:20,Close long,USDT,AAVEUSDT,0.1,210.12,21.012,0.264,0.2513928,-0.0126072
2025-11-13 15:37:34,Open long,USDT,AAVEUSDT,0.1,207.48,20.748,0,0,-0.0041496
2025-11-13 14:26:57,Close short,USDT,AAVEUSDT,0.1,211.91,21.191,0.235,0.2222854,-0.0127146
2025-11-13 11:19:37,Open short,USDT,AAVEUSDT,0.1,214.26,21.426,0,0,-0.0042852
2025-11-13 10:08:47,Close short,USDT,BTCUSDT,0.0001,102830,10.283,0.05516,0.0489902,-0.0061698
2025-11-13 06:57:15,Open short,USDT,BTCUSDT,0.0001,103381.6,10.33816,0,0,-0.002067632
2025-11-13 06:56:04,Close short,USDT,AAVEUSDT,0.1,214.13,21.413,-0.208,-0.2208478,-0.0128478
2025-11-13 06:39:14,Open short,USDT,AAVEUSDT,0.1,212.05,21.205,0,0,-0.004241
2025-11-13 04:24:29,Close long,USDT,AAVEUSDT,0.1,207.29,20.729,0.311,0.2985626,-0.0124374
2025-11-13 04:15:55,Open long,USDT,AAVEUSDT,0.1,204.18,20.418,0,0,-0.0040836
2025-11-13 02:10:40,Close long,USDT,AAVEUSDT,0.1,207.39,20.739,0.395,0.3825566,-0.0124434
2025-11-12 20:28:41,Open long,USDT,AAVEUSDT,0.1,203.44,20.344,0,0,-0.0040688
2025-11-12 20:07:01,Close long,USDT,BTCUSDT,0.0001,101215.6,10.12156,-0.09577,-0.101842936,-0.006072936
2025-11-12 20:05:09,Close long,USDT,AAVEUSDT,0.1,204.66,20.466,-0.217,-0.2292796,-0.0122796
2025-11-12 18:41:53,Open long,USDT,AAVEUSDT,0.1,206.83,20.683,0,0,-0.0041366
2025-11-12 17:46:27,Close long,USDT,AAVEUSDT,0.1,205.15,20.515,-0.041,-0.053309,-0.012309
2025-11-12 17:45:40,Open long,USDT,AAVEUSDT,0.1,205.56,20.556,0,0,-0.0041112
2025-11-12 17:34:11,Close long,USDT,SOLUSDT,0.2,154.337,30.8674,0.3498,0.33127956,-0.01852044
2025-11-12 17:34:11,Close long,USDT,SOLUSDT,0.1,154.337,15.4337,0.1749,0.16563978,-0.00926022
2025-11-12 17:26:03,Open long,USDT,SOLUSDT,0.3,152.588,45.7764,0,0,-0.00915528
2025-11-12 17:23:28,Close long,USDT,AAVEUSDT,0.1,205.25,20.525,-0.039,-0.051315,-0.012315
2025-11-12 17:18:14,Open long,USDT,AAVEUSDT,0.1,205.64,20.564,0,0,-0.0041128
2025-11-12 17:14:27,Close long,USDT,SOLUSDT,0.3,152.507,45.7521,-0.2733,-0.30075126,-0.02745126
2025-11-12 17:14:03,Open long,USDT,SOLUSDT,0.3,153.418,46.0254,0,0,-0.00920508
2025-11-12 17:10:33,Close long,USDT,AAVEUSDT,0.1,205.7,20.57,-0.056,-0.068342,-0.012342
2025-11-12 17:05:26,Open long,USDT,AAVEUSDT,0.1,206.26,20.626,0,0,-0.0041252
2025-11-12 16:53:24,Close long,USDT,AAVEUSDT,0.1,206.94,20.694,-0.215,-0.2274164,-0.0124164
2025-11-12 16:52:52,Open long,USDT,BTCUSDT,0.0001,102173.3,10.21733,0,0,-0.002043466
2025-11-12 16:38:33,Open long,USDT,AAVEUSDT,0.1,209.09,20.909,0,0,-0.0041818
2025-11-12 16:04:18,Close long,USDT,AAVEUSDT,0.1,212.84,21.284,0.222,0.2092296,-0.0127704
2025-11-12 15:49:34,Open long,USDT,AAVEUSDT,0.1,210.62,21.062,0,0,-0.0042124
2025-11-12 15:48:31,Close short,USDT,BTCUSDT,0.0001,104126.3,10.41263,0.06878,0.062532422,-0.006247578
2025-11-12 10:11:24,Open short,USDT,BTCUSDT,0.0001,104814.1,10.48141,0,0,-0.002096282
2025-11-12 04:51:33,Close long,USDT,AAVEUSDT,0.1,212.45,21.245,0.462,0.449253,-0.012747
2025-11-12 01:11:21,Open long,USDT,AAVEUSDT,0.1,207.83,20.783,0,0,-0.0041566
2025-11-11 23:01:17,Close long,USDT,AAVEUSDT,0.1,208.22,20.822,-0.205,-0.2174932,-0.0124932
2025-11-11 22:36:27,Close long,USDT,BTCUSDT,0.0001,102530.6,10.25306,-0.09406,-0.100211836,-0.006151836
2025-11-11 21:48:04,Open long,USDT,AAVEUSDT,0.1,210.27,21.027,0,0,-0.0042054
2025-11-11 21:34:54,Close long,USDT,AAVEUSDT,0.1,210.33,21.033,-0.215,-0.2276198,-0.0126198
2025-11-11 20:19:37,Open long,USDT,AAVEUSDT,0.1,212.48,21.248,0,0,-0.0042496
2025-11-11 20:08:16,Close long,USDT,AAVEUSDT,0.1,211.28,21.128,-0.214,-0.2266768,-0.0126768
2025-11-11 18:35:54,Open long,USDT,AAVEUSDT,0.1,213.42,21.342,0,0,-0.0042684
2025-11-11 17:09:28,Close long,USDT,AAVEUSDT,0.1,213.58,21.358,-0.213,-0.2258148,-0.0128148
2025-11-11 16:33:06,Open long,USDT,BTCUSDT,0.0001,103471.2,10.34712,0,0,-0.002069424
2025-11-11 13:49:50,Open long,USDT,AAVEUSDT,0.1,215.71,21.571,0,0,-0.0043142
2025-11-11 13:41:51,Close long,USDT,AAVEUSDT,0.1,215.06,21.506,-0.213,-0.2259036,-0.0129036
2025-11-11 08:48:36,Open long,USDT,AAVEUSDT,0.1,217.19,21.719,0,0,-0.0043438
2025-11-11 08:38:55,Close long,USDT,AAVEUSDT,0.1,217.12,21.712,-0.218,-0.2310272,-0.0130272
2025-11-11 06:34:44,Open long,USDT,AAVEUSDT,0.1,219.3,21.93,0,0,-0.013158
2025-11-11 03:03:43,Close short,USDT,BTCUSDT,0.0001,105842,10.5842,0.14281,0.13645948,-0.00635052
2025-11-11 02:19:56,Open short,USDT,BTCUSDT,0.0001,107270.1,10.72701,0,0,-0.002145402
2025-11-10 11:27:55,Close short,USDT,AAVEUSDT,0.1,223.63,22.363,-0.248,-0.2614178,-0.0134178
2025-11-10 10:06:03,Open short,USDT,AAVEUSDT,0.1,221.15,22.115,0,0,-0.004423
2025-11-10 09:39:05,Close short,USDT,BTCUSDT,0.0001,105867.9,10.58679,0.01334,0.006987926,-0.006352074
2025-11-10 02:16:10,Close short,USDT,AAVEUSDT,0.1,217.83,21.783,-0.203,-0.2160698,-0.0130698
2025-11-10 02:10:11,Open short,USDT,AAVEUSDT,0.1,215.8,21.58,0,0,-0.004316
2025-11-10 01:45:01,Open short,USDT,BTCUSDT,0.0001,106001.3,10.60013,0,0,-0.002120026
2025-11-10 01:41:02,Close short,USDT,AAVEUSDT,0.1,215.28,21.528,-0.043,-0.0559168,-0.0129168
2025-11-10 01:35:43,Open short,USDT,AAVEUSDT,0.1,214.85,21.485,0,0,-0.004297
2025-11-10 01:21:04,Close short,USDT,AAVEUSDT,0.1,213.93,21.393,-0.206,-0.2188358,-0.0128358
2025-11-10 01:02:05,Close short,USDT,BTCUSDT,0.0001,104371,10.4371,0.0151,0.00883774,-0.00626226
2025-11-10 00:33:42,Open short,USDT,AAVEUSDT,0.1,211.87,21.187,0,0,-0.0042374
2025-11-10 00:01:48,Close short,USDT,AAVEUSDT,0.1,214.44,21.444,-0.213,-0.2258664,-0.0128664
2025-11-09 23:38:36,Open short,USDT,AAVEUSDT,0.1,212.31,21.231,0,0,-0.0042462
2025-11-09 23:15:48,Close short,USDT,AAVEUSDT,0.1,214.06,21.406,-0.21,-0.2228436,-0.0128436
2025-11-09 20:27:09,Open short,USDT,BTCUSDT,0.0001,104522,10.4522,0,0,-0.00209044
2025-11-09 20:03:04,Open short,USDT,AAVEUSDT,0.1,211.96,21.196,0,0,-0.0042392
2025-11-09 20:00:58,Close short,USDT,BTCUSDT,0.0001,104620,10.462,-0.09538,-0.1016572,-0.0062772
2025-11-09 19:56:11,Close short,USDT,AAVEUSDT,0.1,211.86,21.186,-0.034,-0.0467116,-0.0127116
2025-11-09 19:49:33,Open short,USDT,AAVEUSDT,0.1,211.52,21.152,0,0,-0.0042304
2025-11-09 17:49:09,Close short,USDT,AAVEUSDT,0.1,211.39,21.139,-0.208,-0.2206834,-0.0126834
2025-11-09 17:36:01,Open short,USDT,AAVEUSDT,0.1,209.31,20.931,0,0,-0.0041862
2025-11-09 17:29:48,Close short,USDT,AAVEUSDT,0.1,210.99,21.099,-0.228,-0.2406594,-0.0126594
2025-11-09 15:38:32,Open short,USDT,AAVEUSDT,0.1,208.71,20.871,0,0,-0.0041742
2025-11-09 15:29:46,Close short,USDT,AAVEUSDT,0.1,209.37,20.937,-0.285,-0.2975622,-0.0125622
2025-11-09 15:29:19,Open short,USDT,BTCUSDT,0.0001,103666.2,10.36662,0,0,-0.002073324
2025-11-09 15:27:18,Close short,USDT,AAVEUSDT,0.1,207.69,20.769,-0.117,-0.1294614,-0.0124614
2025-11-09 15:26:28,Open short,USDT,AAVEUSDT,0.1,207.37,20.737,0,0,-0.0124422
2025-11-09 15:19:40,Open short,USDT,AAVEUSDT,0.1,205.67,20.567,0,0,-0.0041134
2025-11-09 08:34:07,Close long,USDT,AAVEUSDT,0.1,200.66,20.066,0.213,0.2009604,-0.0120396
2025-11-09 06:34:09,Open long,USDT,AAVEUSDT,0.1,198.53,19.853,0,0,-0.0039706
2025-11-09 04:24:14,Close long,USDT,AAVEUSDT,0.1,197.08,19.708,-0.201,-0.2128248,-0.0118248
2025-11-09 03:37:32,Open long,USDT,AAVEUSDT,0.1,199.09,19.909,0,0,-0.0039818
2025-11-09 01:20:31,Close short,USDT,ADAUSDT,76,0.5623,42.7348,1.8848,1.85915912,-0.02564088
2025-11-08 23:53:22,Close long,USDT,AAVEUSDT,0.1,203.34,20.334,0.42,0.4077996,-0.0122004
2025-11-08 18:03:52,Open long,USDT,AAVEUSDT,0.1,199.14,19.914,0,0,-0.0039828
2025-11-08 17:49:19,Close long,USDT,AAVEUSDT,0.2,204.39,40.878,0.932,0.9074732,-0.0245268
2025-11-08 17:40:24,Open long,USDT,AAVEUSDT,0.1,198.93,19.893,0,0,-0.0039786
2025-11-08 17:39:27,Open long,USDT,AAVEUSDT,0.1,200.53,20.053,0,0,-0.0040106
2025-11-08 17:20:14,Close long,USDT,AAVEUSDT,0.1,198.76,19.876,-0.042,-0.0539256,-0.0119256
2025-11-08 17:19:20,Open long,USDT,AAVEUSDT,0.1,199.18,19.918,0,0,-0.0039836
2025-11-08 17:08:34,Close long,USDT,AAVEUSDT,0.1,198.44,19.844,-0.052,-0.0639064,-0.0119064
2025-11-08 17:07:19,Open long,USDT,AAVEUSDT,0.1,198.96,19.896,0,0,-0.0039792
2025-11-08 16:35:25,Close long,USDT,AAVEUSDT,0.1,199.39,19.939,-0.195,-0.2069634,-0.0119634
2025-11-08 16:08:09,Open long,USDT,AAVEUSDT,0.1,201.34,20.134,0,0,-0.0040268
2025-11-08 15:18:11,Close long,USDT,AAVEUSDT,0.1,199.99,19.999,-0.204,-0.2159994,-0.0119994
2025-11-08 14:33:22,Open long,USDT,AAVEUSDT,0.1,202.03,20.203,0,0,-0.0040406
2025-11-08 06:38:35,Close short,USDT,AAVEUSDT,0.1,205.07,20.507,0.386,0.3736958,-0.0123042
2025-11-08 06:00:57,Open short,USDT,ADAUSDT,76,0.5871,44.6196,0,0,-0.00892392
2025-11-08 05:47:24,Close short,USDT,ADAUSDT,76,0.5903,44.8628,-0.3268,-0.35371768,-0.02691768
2025-11-08 05:09:12,Open short,USDT,ADAUSDT,76,0.586,44.536,0,0,-0.0089072
2025-11-08 04:31:42,Close short,USDT,ADAUSDT,80,0.591,47.28,-0.336,-0.364368,-0.028368
2025-11-08 04:31:42,Close short,USDT,ADAUSDT,3,0.591,1.773,-0.0126,-0.0136638,-0.0010638
2025-11-08 04:04:02,Open short,USDT,AAVEUSDT,0.1,208.93,20.893,0,0,-0.0041786
2025-11-08 04:02:18,Open short,USDT,ADAUSDT,83,0.5868,48.7044,0,0,-0.02922264
2025-11-08 03:36:35,Close short,USDT,ADAUSDT,79,0.5911,46.6969,-0.3476,-0.37561814,-0.02801814
2025-11-08 03:23:46,Close short,USDT,AAVEUSDT,0.1,210.56,21.056,-0.204,-0.2166336,-0.0126336
2025-11-08 03:19:14,Open short,USDT,ADAUSDT,79,0.5867,46.3493,0,0,-0.00926986
2025-11-08 01:47:55,Open short,USDT,AAVEUSDT,0.1,208.52,20.852,0,0,-0.0041704
2025-11-08 01:38:26,Close short,USDT,BTCUSDT,0.0001,102669,10.2669,0.11452,0.10835986,-0.00616014
2025-11-07 21:51:07,Open short,USDT,BTCUSDT,0.0001,103814.2,10.38142,0,0,-0.002076284
2025-11-07 21:41:04,Close short,USDT,BTCUSDT,0.0001,103703.6,10.37036,-0.09507,-0.101292216,-0.006222216
2025-11-07 20:41:27,Close short,USDT,AAVEUSDT,0.1,210.72,21.072,-0.208,-0.2206432,-0.0126432
2025-11-07 20:15:23,Close short,USDT,ADAUSDT,80,0.5781,46.248,-0.32,-0.3477488,-0.0277488
2025-11-07 20:05:52,Open short,USDT,ADAUSDT,80,0.5741,45.928,0,0,-0.0091856
2025-11-07 19:57:20,Open short,USDT,AAVEUSDT,0.1,208.64,20.864,0,0,-0.0041728
2025-11-07 19:19:10,Close short,USDT,AAVEUSDT,0.1,208.93,20.893,-0.058,-0.0705358,-0.0125358
2025-11-07 19:17:24,Open short,USDT,AAVEUSDT,0.1,208.35,20.835,0,0,-0.004167
2025-11-07 19:10:33,Open short,USDT,BTCUSDT,0.0001,102752.9,10.27529,0,0,-0.002055058
2025-11-07 19:08:19,Close short,USDT,SOLUSDT,0.4,161.835,64.734,-0.4144,-0.4532404,-0.0388404
2025-11-07 19:01:47,Close short,USDT,AAVEUSDT,0.1,208.46,20.846,-0.036,-0.0485076,-0.0125076
2025-11-07 19:01:02,Open short,USDT,AAVEUSDT,0.1,208.1,20.81,0,0,-0.004162
2025-11-07 18:27:16,Open short,USDT,SOLUSDT,0.4,160.799,64.3196,0,0,-0.01286392
2025-11-07 18:13:55,Close short,USDT,ADAUSDT,91,0.5724,52.0884,-0.3458,-0.37705304,-0.03125304
2025-11-07 18:12:15,Close short,USDT,AAVEUSDT,0.1,203.88,20.388,-0.032,-0.0442328,-0.0122328
2025-11-07 18:05:54,Open short,USDT,AAVEUSDT,0.1,203.56,20.356,0,0,-0.0040712
2025-11-07 17:52:01,Open short,USDT,ADAUSDT,91,0.5686,51.7426,0,0,-0.03104556
2025-11-07 17:49:52,Close short,USDT,AAVEUSDT,0.1,203.7,20.37,-0.043,-0.055222,-0.012222
2025-11-07 17:48:59,Open short,USDT,AAVEUSDT,0.1,203.27,20.327,0,0,-0.0040654
2025-11-07 17:32:03,Close short,USDT,AAVEUSDT,0.1,202.84,20.284,-0.1855,-0.1976704,-0.0121704
2025-11-07 17:28:20,Close short,USDT,AAVEUSDT,0.1,202.3,20.23,-0.1315,-0.143638,-0.012138
2025-11-07 17:24:24,Open short,USDT,AAVEUSDT,0.1,201.79,20.179,0,0,-0.0040358
2025-11-07 17:21:03,Open short,USDT,AAVEUSDT,0.1,200.18,20.018,0,0,-0.0040036
2025-11-07 16:10:29,Close long,USDT,BTCUSDT,0.0001,101054,10.1054,0.09525,0.08918676,-0.00606324
2025-11-07 15:53:06,Close long,USDT,AAVEUSDT,0.2,196.19,39.238,1.051,1.0274572,-0.0235428
2025-11-07 14:27:53,Open long,USDT,AAVEUSDT,0.1,191.7,19.17,0,0,-0.003834
2025-11-07 14:17:16,Open long,USDT,AAVEUSDT,0.1,190.17,19.017,0,0,-0.0038034
2025-11-07 14:07:51,Close long,USDT,AAVEUSDT,0.1,190.11,19.011,-0.042,-0.0534066,-0.0114066
2025-11-07 14:03:06,Open long,USDT,AAVEUSDT,0.1,190.53,19.053,0,0,-0.0038106
2025-11-07 13:46:30,Close long,USDT,AAVEUSDT,0.1,190.61,19.061,-0.209,-0.2204366,-0.0114366
2025-11-07 13:20:14,Open long,USDT,AAVEUSDT,0.1,192.7,19.27,0,0,-0.003854
2025-11-07 13:00:30,Close long,USDT,AAVEUSDT,0.1,193.5,19.35,-0.188,-0.19961,-0.01161
2025-11-07 12:14:07,Open long,USDT,AAVEUSDT,0.1,195.38,19.538,0,0,-0.0039076
2025-11-07 12:13:35,Open long,USDT,BTCUSDT,0.0001,100101.5,10.01015,0,0,-0.00200203
2025-11-07 01:03:26,Close long,USDT,BTCUSDT,0.0001,101513.5,10.15135,0.04472,0.03862919,-0.00609081
2025-11-06 19:38:08,Close long,USDT,AAVEUSDT,0.2,198.41,39.682,0.796,0.7721908,-0.0238092
2025-11-06 17:53:47,Open long,USDT,AAVEUSDT,0.1,195.21,19.521,0,0,-0.0039042
2025-11-06 17:49:19,Open long,USDT,AAVEUSDT,0.1,193.65,19.365,0,0,-0.003873
2025-11-06 17:41:16,Close long,USDT,AAVEUSDT,0.2,193.85,38.77,-0.391,-0.414262,-0.023262
2025-11-06 17:39:40,Open long,USDT,BTCUSDT,0.0001,101066.3,10.10663,0,0,-0.002021326
2025-11-06 16:44:45,Open long,USDT,AAVEUSDT,0.1,195.02,19.502,0,0,-0.0039004
2025-11-06 16:33:49,Open long,USDT,AAVEUSDT,0.1,196.59,19.659,0,0,-0.0039318
2025-11-06 16:22:44,Close long,USDT,AAVEUSDT,0.1,199.34,19.934,0.256,0.2440396,-0.0119604
2025-11-06 15:35:10,Open long,USDT,AAVEUSDT,0.1,196.78,19.678,0,0,-0.0039356
2025-11-06 06:11:23,Close short,USDT,AAVEUSDT,0.1,202.27,20.227,0.332,0.3198638,-0.0121362
2025-11-06 05:45:45,Open short,USDT,AAVEUSDT,0.1,205.59,20.559,0,0,-0.0041118
2025-11-06 03:42:16,Close long,USDT,ADAUSDT,3,0.5429,1.6287,0.1341,0.13312278,-0.00097722
2025-11-06 01:01:35,Close short,USDT,AAVEUSDT,0.1,201.49,20.149,0.178,0.1659106,-0.0120894
2025-11-05 18:47:30,Open short,USDT,AAVEUSDT,0.1,203.27,20.327,0,0,-0.0040654
2025-11-05 18:07:28,Close short,USDT,AAVEUSDT,0.1,203.32,20.332,-0.039,-0.0511992,-0.0121992
2025-11-05 18:07:14,Open short,USDT,AAVEUSDT,0.1,202.93,20.293,0,0,-0.0121758
2025-11-05 17:50:28,Close short,USDT,AAVEUSDT,0.1,201.76,20.176,-0.201,-0.2131056,-0.0121056
2025-11-05 16:42:57,Open short,USDT,AAVEUSDT,0.1,199.75,19.975,0,0,-0.003995
2025-11-05 15:25:47,Close short,USDT,AAVEUSDT,0.1,196.45,19.645,0.3,0.288213,-0.011787
2025-11-05 13:26:08,Open short,USDT,AAVEUSDT,0.1,199.45,19.945,0,0,-0.003989
2025-11-05 06:08:23,Close short,USDT,AAVEUSDT,0.1,200.54,20.054,-0.196,-0.2080324,-0.0120324
2025-11-05 05:08:13,Open short,USDT,AAVEUSDT,0.1,198.58,19.858,0,0,-0.0039716
2025-11-05 04:53:07,Close short,USDT,AAVEUSDT,0.1,198.66,19.866,-0.035,-0.0469196,-0.0119196
2025-11-05 04:52:19,Open short,USDT,AAVEUSDT,0.1,198.31,19.831,0,0,-0.0039662
2025-11-05 04:04:20,Close short,USDT,AAVEUSDT,0.1,199.2,19.92,-0.039,-0.050952,-0.011952
2025-11-05 04:04:03,Open short,USDT,AAVEUSDT,0.1,198.81,19.881,0,0,-0.0039762
2025-11-05 03:47:13,Close short,USDT,AAVEUSDT,0.1,198.73,19.873,-0.037,-0.0489238,-0.0119238
2025-11-05 03:47:11,Open short,USDT,AAVEUSDT,0.1,198.36,19.836,0,0,-0.0039672
2025-11-05 03:42:22,Close short,USDT,AAVEUSDT,0.1,196.83,19.683,-0.197,-0.2088098,-0.0118098
2025-11-05 03:23:04,Close short,USDT,AAVEUSDT,0.1,196.07,19.607,-0.121,-0.1327642,-0.0117642
2025-11-05 03:23:03,Open short,USDT,AAVEUSDT,0.1,195.56,19.556,0,0,-0.0039112
2025-11-05 03:21:41,Open short,USDT,AAVEUSDT,0.1,194.16,19.416,0,0,-0.0116496
2025-11-05 03:11:21,Close long,USDT,AAVEUSDT,0.2,190.41,38.082,1.152,1.1291508,-0.0228492
2025-11-05 02:56:25,Close long,USDT,ADAUSDT,80,0.5111,40.888,1.032,1.0074672,-0.0245328
2025-11-05 02:54:17,Open long,USDT,AAVEUSDT,0.1,185.39,18.539,0,0,-0.0037078
2025-11-05 02:52:21,Close long,USDT,SOLUSDT,0.4,150.749,60.2996,1.2112,1.17502024,-0.03617976
2025-11-05 02:49:02,Open long,USDT,AAVEUSDT,0.1,183.91,18.391,0,0,-0.0036782
2025-11-05 02:45:47,Open long,USDT,ADAUSDT,83,0.4982,41.3506,0,0,-0.00827012
2025-11-05 02:39:11,Close long,USDT,ADAUSDT,94,0.4954,46.5676,-0.3196,-0.34754056,-0.02794056
2025-11-05 02:39:09,Open long,USDT,SOLUSDT,0.4,147.721,59.0884,0,0,-0.01181768
2025-11-05 02:33:21,Open long,USDT,ADAUSDT,94,0.4988,46.8872,0,0,-0.02813232
2025-11-05 02:27:12,Close long,USDT,ADAUSDT,93,0.4988,46.3884,-0.3348,-0.36263304,-0.02783304
2025-11-05 02:27:10,Close long,USDT,SOLUSDT,0.4,149.112,59.6448,-0.3964,-0.43218688,-0.03578688
2025-11-05 02:25:47,Close long,USDT,BTCUSDT,0.0001,99137.4,9.91374,-0.09398,-0.099928244,-0.005948244
2025-11-05 02:23:05,Open long,USDT,SOLUSDT,0.4,150.103,60.0412,0,0,-0.01200824
2025-11-05 02:23:05,Open long,USDT,ADAUSDT,93,0.5024,46.7232,0,0,-0.00934464
2025-11-05 02:06:00,Open long,USDT,BTCUSDT,0.0001,100077.2,10.00772,0,0,-0.002001544
2025-11-05 02:05:40,Close long,USDT,AAVEUSDT,0.1,185.09,18.509,-0.051,-0.0621054,-0.0111054
2025-11-05 02:02:47,Open long,USDT,AAVEUSDT,0.1,185.6,18.56,0,0,-0.003712
2025-11-05 01:42:55,Close long,USDT,AAVEUSDT,0.2,185.76,37.152,-0.392,-0.4142912,-0.0222912
2025-11-05 01:27:49,Close long,USDT,ADAUSDT,64,0.518,33.152,-0.2496,-0.2694912,-0.0198912
2025-11-05 01:27:49,Close long,USDT,ADAUSDT,3,0.518,1.554,-0.0117,-0.0126324,-0.0009324
2025-11-05 01:27:49,Close long,USDT,ADAUSDT,3,0.518,1.554,-0.0117,-0.0126324,-0.0009324
2025-11-05 01:27:49,Close long,USDT,ADAUSDT,4,0.518,2.072,-0.0156,-0.0168432,-0.0012432
2025-11-05 01:27:49,Close long,USDT,ADAUSDT,9,0.518,4.662,-0.0351,-0.0378972,-0.0027972
2025-11-05 01:21:17,Open long,USDT,ADAUSDT,83,0.5219,43.3177,0,0,-0.00866354
2025-11-05 01:01:34,Close long,USDT,BTCUSDT,0.0001,101660.7,10.16607,0.12256,0.116460358,-0.006099642
2025-11-05 00:19:33,Close long,USDT,ADAUSDT,80,0.5211,41.688,-0.304,-0.3290128,-0.0250128
2025-11-05 00:06:02,Open long,USDT,ADAUSDT,80,0.5249,41.992,0,0,-0.0083984
2025-11-04 23:50:32,Close long,USDT,ADAUSDT,82,0.5203,42.6646,-0.328,-0.35359876,-0.02559876
2025-11-04 23:36:09,Open long,USDT,ADAUSDT,82,0.5243,42.9926,0,0,-0.02579556
2025-11-04 23:14:26,Open long,USDT,AAVEUSDT,0.1,188.47,18.847,0,0,-0.0037694
2025-11-04 23:07:03,Open long,USDT,AAVEUSDT,0.1,186.97,18.697,0,0,-0.0037394
2025-11-04 23:05:35,Open long,USDT,BTCUSDT,0.0001,100435.1,10.04351,0,0,-0.002008702
2025-11-04 22:35:51,Close long,USDT,AAVEUSDT,0.1,177.5,17.75,-0.18,-0.19065,-0.01065
2025-11-04 22:31:56,Close long,USDT,SOLUSDT,0.4,148.854,59.5416,-0.3624,-0.39812496,-0.03572496
2025-11-04 22:27:46,Close long,USDT,BTCUSDT,0.0001,99699.9,9.96999,-0.09722,-0.103201994,-0.005981994
2025-11-04 22:27:14,Open long,USDT,SOLUSDT,0.4,149.76,59.904,0,0,-0.0119808
2025-11-04 21:49:58,Open long,USDT,BTCUSDT,0.0001,100672.1,10.06721,0,0,-0.002013442
2025-11-04 21:18:44,Close long,USDT,BTCUSDT,0.0001,99500.2,9.95002,-0.10312,-0.109090012,-0.005970012
2025-11-04 21:18:32,Open long,USDT,AAVEUSDT,0.1,179.3,17.93,0,0,-0.003586
2025-11-04 21:17:39,Close long,USDT,SOLUSDT,0.4,150.355,60.142,-0.366,-0.4020852,-0.0360852
2025-11-04 21:16:48,Open long,USDT,SOLUSDT,0.4,151.27,60.508,0,0,-0.0121016
2025-11-04 21:02:28,Open long,USDT,BTCUSDT,0.0001,100531.4,10.05314,0,0,-0.002010628
2025-11-04 20:36:03,Close long,USDT,AAVEUSDT,0.1,188.29,18.829,-0.196,-0.2072974,-0.0112974
2025-11-04 20:31:17,Close long,USDT,ADAUSDT,42,0.5212,21.8904,-0.1596,-0.17273424,-0.01313424
2025-11-04 20:31:17,Close long,USDT,ADAUSDT,52,0.5212,27.1024,-0.1976,-0.21386144,-0.01626144
2025-11-04 20:16:14,Open long,USDT,ADAUSDT,37,0.525,19.425,0,0,-0.003885
2025-11-04 20:16:13,Open long,USDT,ADAUSDT,57,0.525,29.925,0,0,-0.005985
2025-11-04 20:12:26,Close long,USDT,ADAUSDT,96,0.5206,49.9776,-0.3456,-0.37558656,-0.02998656
2025-11-04 20:01:46,Open long,USDT,AAVEUSDT,0.1,190.25,19.025,0,0,-0.003805
2025-11-04 19:58:26,Open long,USDT,ADAUSDT,96,0.5242,50.3232,0,0,-0.03019392
2025-11-04 19:49:10,Close long,USDT,AAVEUSDT,0.1,187.38,18.738,-0.204,-0.2152428,-0.0112428
2025-11-04 19:45:00,Open long,USDT,AAVEUSDT,0.1,189.42,18.942,0,0,-0.0037884
2025-11-04 19:19:05,Close long,USDT,AAVEUSDT,0.1,188.24,18.824,-0.033,-0.0442944,-0.0112944
2025-11-04 19:17:25,Open long,USDT,AAVEUSDT,0.1,188.57,18.857,0,0,-0.0037714
2025-11-04 19:03:11,Close long,USDT,ADAUSDT,101,0.5202,52.5402,-0.3737,-0.40522412,-0.03152412
2025-11-04 19:03:09,Close long,USDT,AAVEUSDT,0.2,189.68,37.936,-0.393,-0.4157616,-0.0227616
2025-11-04 18:31:29,Close long,USDT,SOLUSDT,0.4,157.56,63.024,1.0356,0.9977856,-0.0378144
2025-11-04 18:22:40,Open long,USDT,AAVEUSDT,0.1,192.41,19.241,0,0,-0.0038482
2025-11-04 18:21:54,Open long,USDT,ADAUSDT,10,0.5239,5.239,0,0,-0.0010478
2025-11-04 18:21:54,Open long,USDT,ADAUSDT,91,0.5239,47.6749,0,0,-0.00953498
2025-11-04 18:20:57,Open long,USDT,AAVEUSDT,0.1,190.88,19.088,0,0,-0.0038176
2025-11-04 18:18:56,Open long,USDT,SOLUSDT,0.4,154.971,61.9884,0,0,-0.01239768
2025-11-04 18:10:14,Close long,USDT,SOLUSDT,0.4,155.087,62.0348,-0.376,-0.41322088,-0.03722088
2025-11-04 18:09:43,Close long,USDT,BTCUSDT,0.0001,101450.7,10.14507,-0.09424,-0.100327042,-0.006087042
2025-11-04 18:09:33,Close long,USDT,ADAUSDT,95,0.523,49.685,-0.3515,-0.381311,-0.029811
2025-11-04 18:05:34,Open long,USDT,SOLUSDT,0.4,156.027,62.4108,0,0,-0.01248216
2025-11-04 18:02:47,Close long,USDT,AAVEUSDT,0.1,192.46,19.246,-0.194,-0.2055476,-0.0115476
2025-11-04 18:02:26,Open long,USDT,ADAUSDT,95,0.5267,50.0365,0,0,-0.0300219
2025-11-04 17:50:11,Open long,USDT,BTCUSDT,0.0001,102393.1,10.23931,0,0,-0.002047862
2025-11-04 17:48:35,Open long,USDT,AAVEUSDT,0.1,194.4,19.44,0,0,-0.003888
2025-11-04 17:21:40,Close long,USDT,BTCUSDT,0.0001,102516,10.2516,-0.095,-0.10115096,-0.00615096
2025-11-04 16:53:17,Close short,USDT,AAVEUSDT,0.1,199.27,19.927,0.318,0.3060438,-0.0119562
2025-11-04 16:53:16,Open long,USDT,BTCUSDT,0.0001,103466,10.3466,0,0,-0.00206932
2025-11-04 16:46:24,Close long,USDT,ADAUSDT,100,0.5454,54.54,-0.38,-0.412724,-0.032724
2025-11-04 16:35:02,Open short,USDT,AAVEUSDT,0.1,202.45,20.245,0,0,-0.004049
2025-11-04 16:19:19,Close short,USDT,AAVEUSDT,0.1,203.36,20.336,-0.202,-0.2142016,-0.0122016
2025-11-04 15:51:40,Open short,USDT,AAVEUSDT,0.1,201.34,20.134,0,0,-0.0040268
2025-11-04 15:49:00,Open long,USDT,ADAUSDT,100,0.5492,54.92,0,0,-0.010984
2025-11-04 15:41:09,Close long,USDT,AAVEUSDT,0.1,197.04,19.704,0.22,0.2081776,-0.0118224
2025-11-04 15:36:30,Close long,USDT,BTCUSDT,0.0001,103095.3,10.30953,-0.09715,-0.103335718,-0.006185718
2025-11-04 09:46:57,Open long,USDT,BTCUSDT,0.0001,104066.8,10.40668,0,0,-0.002081336
2025-11-04 09:21:50,Open long,USDT,AAVEUSDT,0.1,194.84,19.484,0,0,-0.0038968
2025-11-04 09:17:18,Close long,USDT,AAVEUSDT,0.1,192.66,19.266,-0.063,-0.0745596,-0.0115596
2025-11-04 09:16:50,Open long,USDT,AAVEUSDT,0.1,193.29,19.329,0,0,-0.0038658
2025-11-04 09:09:16,Close long,USDT,AAVEUSDT,0.1,192.98,19.298,-0.046,-0.0575788,-0.0115788
2025-11-04 09:08:42,Close long,USDT,BTCUSDT,0.0001,104037.2,10.40372,-0.0973,-0.103542232,-0.006242232
2025-11-04 09:01:15,Open long,USDT,AAVEUSDT,0.1,193.44,19.344,0,0,-0.0038688
2025-11-04 08:48:15,Close long,USDT,AAVEUSDT,0.1,192.4,19.24,-0.2065,-0.218044,-0.011544
2025-11-04 08:28:39,Close long,USDT,AAVEUSDT,0.1,193.22,19.322,-0.1245,-0.1360932,-0.0115932
2025-11-04 08:28:14,Open long,USDT,AAVEUSDT,0.1,193.69,19.369,0,0,-0.0038738
2025-11-04 08:17:04,Open long,USDT,AAVEUSDT,0.1,195.24,19.524,0,0,-0.0039048
2025-11-04 08:13:22,Close long,USDT,AAVEUSDT,0.1,194.44,19.444,-0.193,-0.2046664,-0.0116664
2025-11-04 07:38:06,Open long,USDT,AAVEUSDT,0.1,196.37,19.637,0,0,-0.0039274
2025-11-04 07:23:47,Close long,USDT,ADAUSDT,95,0.5449,51.7655,-0.3705,-0.4015593,-0.0310593
2025-11-04 07:16:32,Open long,USDT,ADAUSDT,55,0.5488,30.184,0,0,-0.0060368
2025-11-04 07:16:32,Open long,USDT,ADAUSDT,40,0.5488,21.952,0,0,-0.0043904
2025-11-04 07:15:21,Close long,USDT,AAVEUSDT,0.1,198.9,19.89,-0.1915,-0.203434,-0.011934
2025-11-04 06:52:31,Close long,USDT,SOLUSDT,0.3,158.208,47.4624,-0.2988,-0.32727744,-0.02847744
2025-11-04 06:45:36,Close long,USDT,ADAUSDT,106,0.5418,57.4308,-0.4664,-0.50085848,-0.03445848
2025-11-04 06:43:41,Open long,USDT,BTCUSDT,0.0001,105010.2,10.50102,0,0,-0.002100204
2025-11-04 06:31:37,Open long,USDT,SOLUSDT,0.3,159.204,47.7612,0,0,-0.00955224
2025-11-04 06:24:34,Close long,USDT,AAVEUSDT,0.1,199.59,19.959,-0.1225,-0.1344754,-0.0119754
2025-11-04 06:21:49,Open long,USDT,AAVEUSDT,0.1,200.01,20.001,0,0,-0.0040002
2025-11-04 06:21:28,Close long,USDT,SOLUSDT,0.4,160.889,64.3556,-0.5288,-0.56741336,-0.03861336
2025-11-04 06:21:24,Open long,USDT,SOLUSDT,0.4,162.211,64.8844,0,0,-0.01297688
2025-11-04 06:16:14,Open long,USDT,AAVEUSDT,0.1,201.62,20.162,0,0,-0.0040324
2025-11-04 04:28:03,Close long,USDT,AAVEUSDT,0.1,205.32,20.532,0.631,0.6186808,-0.0123192
2025-11-04 01:02:05,Open long,USDT,AAVEUSDT,0.1,199.01,19.901,0,0,-0.0039802
2025-11-03 22:31:42,Open long,USDT,ADAUSDT,106,0.5462,57.8972,0,0,-0.03473832
2025-11-03 22:17:41,Close long,USDT,ADAUSDT,106,0.5429,57.5474,-0.424,-0.45852844,-0.03452844
2025-11-03 19:55:34,Close long,USDT,AAVEUSDT,0.1,203.42,20.342,-0.204,-0.2162052,-0.0122052
2025-11-03 19:01:01,Open long,USDT,AAVEUSDT,0.1,205.46,20.546,0,0,-0.0041092
2025-11-03 17:04:40,Close long,USDT,BTCUSDT,0.0001,105360,10.536,-0.09571,-0.1020316,-0.0063216
2025-11-03 17:04:39,Open long,USDT,ADAUSDT,106,0.5469,57.9714,0,0,-0.03478284
2025-11-03 16:48:45,Close long,USDT,SOLUSDT,0.3,166.33,49.899,-0.3354,-0.3653394,-0.0299394
2025-11-03 16:48:45,Close long,USDT,SOLUSDT,0.1,166.33,16.633,-0.1118,-0.1217798,-0.0099798
2025-11-03 16:46:17,Open long,USDT,SOLUSDT,0.3,167.448,50.2344,0,0,-0.01004688
2025-11-03 16:46:17,Open long,USDT,SOLUSDT,0.1,167.448,16.7448,0,0,-0.00334896
2025-11-03 16:30:55,Close long,USDT,AAVEUSDT,0.1,197.28,19.728,-0.267,-0.2788368,-0.0118368
2025-11-03 16:30:49,Open long,USDT,AAVEUSDT,0.1,199.95,19.995,0,0,-0.011997
2025-11-03 16:30:47,Close long,USDT,SOLUSDT,0.4,166.143,66.4572,-0.4656,-0.50547432,-0.03987432
2025-11-03 16:30:39,Close long,USDT,ADAUSDT,110,0.5421,59.631,-0.451,-0.4867786,-0.0357786
2025-11-03 16:30:32,Open long,USDT,ADAUSDT,110,0.5462,60.082,0,0,-0.0360492
2025-11-03 16:30:31,Open long,USDT,SOLUSDT,0.4,167.307,66.9228,0,0,-0.01338456
2025-11-03 16:27:27,Close long,USDT,SOLUSDT,0.1,170.625,17.0625,-0.1255,-0.1357375,-0.0102375
2025-11-03 16:27:27,Close long,USDT,SOLUSDT,0.3,170.625,51.1875,-0.3765,-0.4072125,-0.0307125
2025-11-03 16:26:56,Open long,USDT,SOLUSDT,0.4,171.88,68.752,0,0,-0.0137504
2025-11-03 16:26:56,Open long,USDT,BTCUSDT,0.0001,106317.1,10.63171,0,0,-0.006379026
2025-11-03 16:22:48,Close long,USDT,ADAUSDT,110,0.568,62.48,-0.495,-0.532488,-0.037488
2025-11-03 16:22:48,Close long,USDT,AAVEUSDT,0.1,208.78,20.878,-0.233,-0.2455268,-0.0125268
2025-11-03 15:50:00,Open long,USDT,AAVEUSDT,0.1,211.11,21.111,0,0,-0.0042222
2025-11-03 15:35:40,Close long,USDT,AAVEUSDT,0.1,211.08,21.108,-0.042,-0.0546648,-0.0126648
2025-11-03 15:32:10,Open long,USDT,AAVEUSDT,0.1,211.5,21.15,0,0,-0.00423
2025-11-03 15:16:17,Close long,USDT,AAVEUSDT,0.1,212.47,21.247,-0.225,-0.2377482,-0.0127482
2025-11-03 13:04:30,Close long,USDT,BTCUSDT,0.0001,107889.4,10.78894,0.04027,0.033796636,-0.006473364
2025-11-03 12:48:35,Open long,USDT,AAVEUSDT,0.1,214.72,21.472,0,0,-0.0042944
2025-11-03 10:51:01,Close long,USDT,AAVEUSDT,0.1,211.72,21.172,-0.221,-0.2337032,-0.0127032
2025-11-03 10:08:22,Open long,USDT,AAVEUSDT,0.1,213.93,21.393,0,0,-0.0042786
2025-11-03 08:00:18,Open long,USDT,ADAUSDT,110,0.5725,62.975,0,0,-0.012595
2025-11-03 07:47:31,Close long,USDT,ADAUSDT,113,0.5677,64.1501,-0.5424,-0.58089006,-0.03849006
2025-11-03 06:43:30,Open long,USDT,BTCUSDT,0.0001,107486.7,10.74867,0,0,-0.002149734
2025-11-03 05:16:11,Open long,USDT,ADAUSDT,113,0.5725,64.6925,0,0,-0.0129385
2025-11-03 05:07:33,Close long,USDT,ADAUSDT,44,0.5688,25.0272,-0.1892,-0.20421632,-0.01501632
2025-11-03 05:07:33,Close long,USDT,ADAUSDT,58,0.5688,32.9904,-0.2494,-0.26919424,-0.01979424
2025-11-03 05:06:55,Close long,USDT,SOLUSDT,0.4,176.512,70.6048,-0.4184,-0.46076288,-0.04236288
2025-11-03 05:06:53,Close long,USDT,BTCUSDT,0.0001,107493.3,10.74933,-0.10127,-0.107719598,-0.006449598
2025-11-03 05:01:37,Open long,USDT,ADAUSDT,102,0.5731,58.4562,0,0,-0.03507372
2025-11-03 04:52:10,Open long,USDT,SOLUSDT,0.4,177.558,71.0232,0,0,-0.01420464
2025-11-03 04:23:51,Close long,USDT,AAVEUSDT,0.1,220.11,22.011,-0.046,-0.0592066,-0.0132066
2025-11-03 04:21:56,Open long,USDT,AAVEUSDT,0.1,220.57,22.057,0,0,-0.0132342
2025-11-03 04:12:23,Open long,USDT,BTCUSDT,0.0001,108506,10.8506,0,0,-0.00217012
2025-11-03 04:11:49,Close long,USDT,AAVEUSDT,0.1,221.76,22.176,-0.219,-0.2323056,-0.0133056
2025-11-03 03:29:37,Open long,USDT,AAVEUSDT,0.1,223.95,22.395,0,0,-0.004479
2025-11-03 01:09:14,Close short,USDT,AAVEUSDT,0.1,232.46,23.246,-0.224,-0.2379476,-0.0139476
2025-11-03 00:52:06,Open short,USDT,AAVEUSDT,0.1,230.22,23.022,0,0,-0.0046044
2025-11-02 20:07:16,Close short,USDT,AAVEUSDT,0.1,225.8,22.58,0.372,0.358452,-0.013548
2025-11-02 17:50:48,Open short,USDT,AAVEUSDT,0.1,229.52,22.952,0,0,-0.0045904
2025-11-02 17:35:16,Close short,USDT,AAVEUSDT,0.1,233.69,23.369,-0.352,-0.3660214,-0.0140214
2025-11-02 17:34:58,Close short,USDT,AAVEUSDT,0.1,232.87,23.287,-0.27,-0.2839722,-0.0139722
2025-11-02 17:34:53,Open short,USDT,AAVEUSDT,0.1,231.16,23.116,0,0,-0.0138696
2025-11-02 17:34:39,Open short,USDT,AAVEUSDT,0.1,229.18,22.918,0,0,-0.0045836
2025-11-02 17:24:00,Close long,USDT,AAVEUSDT,0.1,222.2,22.22,0.268,0.254668,-0.013332
2025-11-02 15:27:52,Open long,USDT,AAVEUSDT,0.1,219.52,21.952,0,0,-0.0043904
